,Construct,Name,OK_seq
RDM,blank,blank,no
blank,blank,blank,no
b1A1,pTF1.c61.r18.A,c61r18,yes
b1A2,pTF1.c61.r18.B,c61r18,yes
b1A3,pTF1.c61.r17.A,c61r17,yes
b1A4,pTF1.c61.r17.B,c61r17,yes
b1A5,pTF1.c61.r16.A,c61r16,yes
b1A6,pTF1.c61.r16.B,c61r16,yes
b1A7,pTF1.61c-.r18.A,61c-r18,yes
b1A8,pTF1.61c-.r18.B,61c-r18,yes
b1A9,pTF1.61c-.r17.A,61c-r17,yes
b1B1,pTF1.61c-.r17.B,61c-r17,yes
b1B2,pTF1.61c-.r16.A,61c-r16,yes
b1B3,pTF1.61c-.r16.B,61c-r16,yes
b1B4,pTF1.c61.r18.C,c61r18,unknown
b1B5,pTF1.c61.r18.D,c61r18,unknown
b1B6,pTF1.c61.r18.35L01,c61r18.35L01,no
b1B7,pTF1.c61.r18.35L02,c61r18.35L02,yes
b1B8,pTF1.c61.r18.35L03,c61r18.35L03,yes
b1B9,pTF1.c61.r18.35L04,c61r18.35L04,yes
b1C1,pTF1.c61.r18.35L05,c61r18.35L05,yes
b1C2,pTF1.c61.r18.35L06,c61r18.35L06,yes
b1C3,pTF1.c61.r18.35L07,c61r18.35L07,yes
b1C4,pTF1.c61.r18.35L08,c61r18.35L08,yes
b1C5,pTF1.c61.r18.35L09,c61r18.35L09,yes
b1C6,pTF1.c61.r18.35L10,c61r18.35L10,yes
b1C7,pTF1.c61.r18.35L11,c61r18.35L11,yes
b1C8,pTF1.c61.r18.35L12,c61r18.35L12,yes
b1C9,pTF1.c61.r18.35L13,c61r18.35L13,yes
b1D1,pTF1.c61.r18.35L14,c61r18.35L14,yes
b1D2,pTF1.c61.r18.35L15,c61r18.35L15,yes
b1D3,pTF1.c61.r18.35L16,c61r18.35L16,yes
b1D4,pTF1.c61.r18.35L17,c61r18.35L17,yes
b1D5,pTF1.c61.r18.35L18,c61r18.35L18,yes
b1D6,pTF1.c61.r18.35L19,c61r18.35L19,yes
b1D7,pTF1.c61.r18.35L20,c61r18.35L20,yes
b1D8,pTF1.c61.r18.35L21,c61r18.35L21,yes
b1D9,pTF1.c61.r18.35L22,c61r18.35L22,yes
b1E1,pTF1.c61.r18.35L23,c61r18.35L23,yes
b1E2,pTF1.c61.r18.35L24,c61r18.35L24,yes
b1E3,pTF1.61c-.r18.35L01,61c-r18.35L01,yes
b1E4,pTF1.61c-.r18.35L02,61c-r18.35L02,yes
b1E5,pTF1.61c-.r18.35L03,61c-r18.35L03,yes
b1E6,pTF1.61c-.r18.35L04,61c-r18.35L04,no
b1E7,pTF1.61c-.r18.35L05,61c-r18.35L05,yes
b1E8,pTF1.61c-.r18.35L06,61c-r18.35L06,yes
b1E9,pTF1.61c-.r18.35L07,61c-r18.35L07,no
b1F1,pTF1.61c-.r18.35L08,61c-r18.35L08,yes
b1F2,pTF1.61c-.r18.35L09,61c-r18.35L09,yes
b1F3,pTF1.61c-.r18.35L10,61c-r18.35L10,yes
b1F4,pTF1.61c-.r18.35L11,61c-r18.35L11,yes
b1F5,pTF1.61c-.r18.35L12,61c-r18.35L12,yes
b1F6,pTF1.61c-.r18.35L13,61c-r18.35L13,yes
b1F7,pTF1.61c-.r18.35L14,61c-r18.35L14,yes
b1F8,pTF1.61c-.r18.35L15,61c-r18.35L15,yes
b1F9,pTF1.61c-.r18.35L16,61c-r18.35L16,yes
b1G1,pTF1.61c-.r18.35L17,61c-r18.35L17,yes
b1G2,pTF1.61c-.r18.35L18,61c-r18.35L18,yes
b1G3,pTF1.61c-.r18.35L19,61c-r18.35L19,yes
b1G4,pTF1.61c-.r18.35L20,61c-r18.35L20,yes
b1G5,pTF1.61c-.r18.35L21,61c-r18.35L21,yes
b1G6,pTF1.61c-.r18.35L22,61c-r18.35L22,yes
b1G7,pTF1.61c-.r18.35L23,61c-r18.35L23,yes
b1G8,pTF1.61c-.r18.35L24,61c-r18.35L24,yes
b1G9,pTF1.c61.r18.35Lp1,c61r18.35pool,no
b1H1,pTF1.c61.r18.35Lp2,c61r18.35pool,no
b1H2,pTF1.61c-.r18.35Lp1,61c-r18.35pool,no
b1H3,pTF1.61c-.r18.35Lp2,61c-r18.35pool,no
b1H4,pTF1.c71.r18.35Lp1,c71r18.35pool,no
b1H5,pTF1.c71.r18.35Lp2,c71r18.35pool,no
b1H6,pTF1.71c-.r18.A,71c-r18,unknown
b1H7,pTF1.71c-.r18.B,71c-r18,unknown
b1H8,pTF1.71c-.r18.C,71c-r18,yes
b1H9,pTF1.71c-.r18.D,71c-r18,yes
b1I1,pTF1.c71.r18.A,c71r18,unknown
b1I2,pTF1.c71.r18.B,c71r18,unknown
b1I3,pTF1.c71.r18.C,c71r18,yes
b1I4,pTF1.c71.r18.D,c71r18,yes
b1I5,pTF1.c71.r18L35.01,c71r18.35L01,no
b1I6,pTF1.c71.r18L35.02,c71r18.35L02,no
b1I7,pTF1.c71.r18L35.03,c71r18.35L03,no
b1I8,pTF1.c71.r18L35.04,c71r18.35L04,yes
b1I9,pTF1.c71.r18L35.05,c71r18.35L05,no
b2A1,pTF1.c71.r18L35.06,c71r18.35L06,yes
b2A2,pTF1.c71.r18L35.07,c71r18.35L07,yes
b2A3,pTF1.c71.r18L35.08,c71r18.35L08,no
b2A4,pTF1.c71.r18L35.09,c71r18.35L09,yes
b2A5,pTF1.c71.r18L35.10,c71r18.35L10,yes
b2A6,pTF1.c71.r18L35.11,c71r18.35L11,yes
b2A7,pTF1.c71.r18L35.12,c71r18.35L12,yes
b2A8,pTF1.c71.r18L35.13,c71r18.35L13,yes
b2A9,pTF1.c71.r18L35.14,c71r18.35L14,yes
b2B1,pTF1.c71.r18L35.15,c71r18.35L15,yes
b2B2,pTF1.c71.r18L35.16,c71r18.35L16,yes
b2B3,pTF1.c71.r18L35.17,c71r18.35L17,no
b2B4,pTF1.c71.r18L35.18,c71r18.35L18,yes
b2B5,pTF1.c71.r18L35.19,c71r18.35L19,yes
b2B6,pTF1.c71.r18L35.20,c71r18.35L20,yes
b2B7,pTF1.c71.r18L35.21,c71r18.35L21,yes
b2B8,pTF1.c71.r18L35.22,c71r18.35L22,no
b2B9,pTF1.c71.r18L35.23,c71r18.35L23,yes
b2C1,pTF1.c71.r18L35.24,c71r18.35L24,no
b2C2,pTF1.c61.r18.10Lp1,c61r18.10pool,no
b2C3,pTF1.c61.r18.10Lp2,c61r18.10pool,no
b2C4,pTF1.c71.r18.10Lp1,c71r18.10pool,no
b2C5,pTF1.c71.r18.10Lp2,c71r18.10pool,no
b2C6,pTF1.c61.r18L10.01,c61r18.10L01,yes
b2C7,pTF1.c61.r18L10.02,c61r18.10L02,yes
b2C8,pTF1.c61.r18L10.03,c61r18.10L03,yes
b2C9,pTF1.c61.r18L10.04,c61r18.10L04,yes
b2D1,pTF1.c61.r18L10.05,c61r18.10L05,yes
b2D2,pTF1.c61.r18L10.06,c61r18.10L06,yes
b2D3,pTF1.c61.r18L10.07,c61r18.10L07,yes
b2D4,pTF1.c61.r18L10.08,c61r18.10L08,yes
b2D5,pTF1.c61.r18L10.09,c61r18.10L09,yes
b2D6,pTF1.c61.r18L10.10,c61r18.10L10,yes
b2D7,pTF1.c61.r18L10.11,c61r18.10L11,yes
b2D8,pTF1.c61.r18L10.12,c61r18.10L12,yes
b2D9,pTF1.c61.r18L10.13,c61r18.10L13,yes
b2E1,pTF1.c61.r18L10.14,c61r18.10L14,yes
b2E2,pTF1.c61.r18L10.15,c61r18.10L15,yes
b2E3,pTF1.c61.r18L10.16,c61r18.10L16,yes
b2E4,pTF1.c61.r18L10.17,c61r18.10L17,yes
b2E5,pTF1.c61.r18L10.18,c61r18.10L18,no
b2E6,pTF1.c61.r18L10.19,c61r18.10L19,yes
b2E7,pTF1.c61.r18L10.20,c61r18.10L20,yes
b2E8,pTF1.c61.r18L10.21,c61r18.10L21,yes
b2E9,pTF1.c61.r18L10.22,c61r18.10L22,yes
b2F1,pTF1.c61.r18L10.23,c61r18.10L23,yes
b2F2,pTF1.c61.r18L10.24,c61r18.10L24,yes
b2F3,pTF1.c71.r18L10.01,c71r18.10L01,yes
b2F4,pTF1.c71.r18L10.02,c71r18.10L02,yes
b2F5,pTF1.c71.r18L10.03,c71r18.10L03,yes
b2F6,pTF1.c71.r18L10.04,c71r18.10L04,yes
b2F7,pTF1.c71.r18L10.05,c71r18.10L05,yes
b2F8,pTF1.c71.r18L10.06,c71r18.10L06,yes
b2F9,pTF1.c71.r18L10.07,c71r18.10L07,yes
b2G1,pTF1.c71.r18L10.08,c71r18.10L08,no
b2G2,pTF1.c71.r18L10.09,c71r18.10L09,yes
b2G3,pTF1.c71.r18L10.10,c71r18.10L10,yes
b2G4,pTF1.c71.r18L10.11,c71r18.10L11,yes
b2G5,pTF1.c71.r18L10.12,c71r18.10L12,yes
b2G6,pTF1.c71.r18L10.13,c71r18.10L13,yes
b2G7,pTF1.c71.r18L10.14,c71r18.10L14,yes
b2G8,pTF1.c71.r18L10.15,c71r18.10L15,yes
b2G9,pTF1.c71.r18L10.16,c71r18.10L16,no
b2H1,pTF1.c71.r18L10.17,c71r18.10L17,yes
b2H2,pTF1.c71.r18L10.18,c71r18.10L18,no
b2H3,pTF1.c71.r18L10.19,c71r18.10L19,yes
b2H4,pTF1.c71.r18L10.20,c71r18.10L20,yes
b2H5,pTF1.c71.r18L10.21,c71r18.10L21,yes
b2H6,pTF1.c71.r18L10.22,c71r18.10L22,no
b2H7,pTF1.c71.r18L10.23,c71r18.10L23,yes
b2H8,pTF1.c71.r18L10.24,c71r18.10L24,yes
b2H9,neg.cont.10L1,neg,no
b2I1,neg.cont.10L2,neg,no
b2I2,pTF1.c61.r18.n10a1,c61r18.n10a,no
b2I3,pTF1.c61.r18.n10a2,c61r18.n10a,unknown
b2I4,pTF1.c61.r18.n10b1,c61r18.n10b,yes
b2I5,pTF1.c61.r18.n10b2,c61r18.n10b,unknown
b2I6,pTF1.c61.r17.n10a1,c61r17.n10a,no
b2I7,pTF1.c61.r17.n10a2,c61r17.n10a,unknown
b2I8,pTF1.c61.r17.n10b1,c61r17.n10b,yes
b2I9,pTF1.c61.r17.n10b2,c61r17.n10b,unknown
b3A1,pTF1.c61.r16.n10a1,c61r16.n10a,yes
b3A2,pTF1.c61.r16.n10a2,c61r16.n10a,unknown
b3A3,pTF1.c61.r16.n10b1,c61r16.n10b,yes
b3A4,pTF1.c61.r16.n10b2,c61r16.n10b,unknown
b3A5,pTF1.61c-.r18.n10a1,61c-r18.n10a,yes
b3A6,pTF1.61c-.r18.n10a2,61c-r18.n10a,unknown
b3A7,pTF1.61c-.r18.n10b1,61c-r18.n10b,yes
b3A8,pTF1.61c-.r18.n10b2,61c-r18.n10b,unknown
b3A9,pTF1.61c-.r17.n10a1,61c-r17.n10a,yes
b3B1,pTF1.61c-.r17.n10a2,61c-r17.n10a,unknown
b3B2,pTF1.61c-.r17.n10b1,61c-r17.n10b,yes
b3B3,pTF1.61c-.r17.n10b2,61c-r17.n10b,unknown
b3B4,pTF1.61c-.r16.n10a1,61c-r16.n10a,yes
b3B5,pTF1.61c-.r16.n10a2,61c-r16.n10a,unknown
b3B6,pTF1.61c-.r16.n10b1,61c-r16.n10b,yes
b3B7,pTF1.61c-.r16.n10b2,61c-r16.n10b,unknown
b3B8,pTF1.c71.r18.n10a1,c71r18.n10a,yes
b3B9,pTF1.c71.r18.n10a2,c71r18.n10a,unknown
b3C1,pTF1.c71.r18.n10b1,c71r18.n10b,yes
b3C2,pTF1.c71.r18.n10b2,c71r18.n10b,unknown
b3C3,pTF1.71c-r18.n10a1,71c-r18.n10a,yes
b3C4,pTF1.71c-r18.n10a2,71c-r18.n10a,unknown
b3C5,pTF1.71c-r18.n10b1,71c-r18.n10b,yes
b3C6,pTF1.71c-r18.n10b2,71c-r18.n10b,unknown
b3C7,pTF1.c60.r18.A,c60r18,yes
b3C8,pTF1.c60.r18.B,c60r18,unknown
b3C9,pTF1.60c-.r18.A,60c-r18,yes
b3D1,pTF1.60c-.r18.B,60c-r18,unknown
b3D2,pTF1.c62.r18.A,c62r18,no
b3D3,pTF1.c62.r18.B,c62r18,yes
b3D4,pTF1.62c-.r18.A,62c-r18,yes
b3D5,pTF1.62c-.r18.B,62c-r18,unknown
b3D6,pTF1.c66.r18.A,c66r18,yes
b3D7,pTF1.c66.r18.B,c66r18,unknown
b3D8,pTF1.66c-.r18.A,66c-r18,yes
b3D9,pTF1.66c-.r18.B,66c-r18,unknown
b3E1,pTF1.c70.r18.A,c70r18,yes
b3E2,pTF1.c70.r18.B,c70r18,unknown
b3E3,pTF1.70c-.r18.A,70c-r18,yes
b3E4,pTF1.70c-.r18.B,70c-r18,unknown
b3E5,pTF1.c72.r18.A,c72r18,yes
b3E6,pTF1.c72.r18.B,c72r18,unknown
b3E7,pTF1.72c-.r18.A,72c-r18,yes
b3E8,pTF1.72c-.r18.B,72c-r18,unknown
b3E9,pTF1.c73.r18.A,c73r18,yes
b3F1,pTF1.c73.r18.B,c73r18,unknown
b3F2,pTF1.73c-.r18.A,73c-r18,yes
b3F3,pTF1.73c-.r18.B,73c-r18,unknown
b3F4,pTF1.c76.r18.A,c76r18,yes
b3F5,pTF1.c76.r18.B,c76r18,unknown
b3F6,pTF1.76c-.r18.A,76c-r18,yes
b3F7,pTF1.76c-.r18.B,76c-r18,unknown
b3F8,pTF1.c80.r18.A,c80r18,yes
b3F9,pTF1.c80.r18.B,c80r18,unknown
b3G1,pTF1.80c-.r18.A,80c-r18,yes
b3G2,pTF1.80c-.r18.B,80c-r18,unknown
b3G3,pTF1.c81.r18.A,c81r18,yes
b3G4,pTF1.c81.r18.B,c81r18,unknown
b3G5,pTF1.81c-.r18.A,81c-r18,yes
b3G6,pTF1.81c-.r18.B,81c-r18,unknown
b3G7,pTF1.c82.r18.A,c82r18,yes
b3G8,pTF1.c82.r18.B,c82r18,unknown
b3G9,pTF1.82c-.r18.A,82c-r18,yes
b3H1,pTF1.82c-.r18.B,82c-r18,unknown
b3H2,pTF1.c83.r18.A,c83r18,yes
b3H3,pTF1.c83.r18.B,c83r18,unknown
b3H4,pTF1.83c-.r18.A,83c-r18,yes
b3H5,pTF1.83c-.r18.B,83c-r18,unknown
b3H6,pTF2.c60.r18.35L01,wt.c60r18.35L01,unknown
b3H7,pTF2.c60.r18.35L02,wt.c60r18.35L02,unknown
b3H8,pTF2.c60.r18.35L03,wt.c60r18.35L03,unknown
b3H9,pTF2.c60.r18.35L04,wt.c60r18.35L04,unknown
b3I1,pTF2.c60.r18.35L05,wt.c60r18.35L05,unknown
b3I2,pTF2.c60.r18.35L06,wt.c60r18.35L06,unknown
b3I3,pTF2.c60.r18.35L07,wt.c60r18.35L07,unknown
b3I4,pTF2.c60.r18.35L08,wt.c60r18.35L08,unknown
b3I5,pTF2.c60.r18.35L09,wt.c60r18.35L09,unknown
b3I6,pTF2.c60.r18.35L10,wt.c60r18.35L10,unknown
b3I7,pTF2.c60.r18.35L11,wt.c60r18.35L11,unknown
b3I8,pTF2.c60.r18.35L12,wt.c60r18.35L12,unknown
b3I9,pTF2.c60.r18.35L13,wt.c60r18.35L13,unknown
b4A1,pTF2.c60.r18.35L14,wt.c60r18.35L14,unknown
b4A2,pTF2.c60.r18.35L15,wt.c60r18.35L15,unknown
b4A3,pTF2.c60.r18.35L16,wt.c60r18.35L16,unknown
b4A4,pTF2.c60.r18.35L17,wt.c60r18.35L17,unknown
b4A5,pTF2.c60.r18.35L18,wt.c60r18.35L18,unknown
b4A6,pTF2.c60.r18.35L19,wt.c60r18.35L19,unknown
b4A7,pTF2.c60.r18.35L20,wt.c60r18.35L20,unknown
b4A8,pTF2.c60.r18.35L21,wt.c60r18.35L21,unknown
b4A9,pTF2.c60.r18.35L22,wt.c60r18.35L22,unknown
b4B1,pTF2.c60.r18.35L23,wt.c60r18.35L23,unknown
b4B2,pTF2.c60.r18.35L24,wt.c60r18.35L24,unknown
b4B3,pTF2.c60.r18.10L01,wt.c60r18.10L01,unknown
b4B4,pTF2.c60.r18.10L02,wt.c60r18.10L02,unknown
b4B5,pTF2.c60.r18.10L03,wt.c60r18.10L03,unknown
b4B6,pTF2.c60.r18.10L04,wt.c60r18.10L04,unknown
b4B7,pTF2.c60.r18.10L05,wt.c60r18.10L05,unknown
b4B8,pTF2.c60.r18.10L06,wt.c60r18.10L06,unknown
b4B9,pTF2.c60.r18.10L07,wt.c60r18.10L07,unknown
b4C1,pTF2.c60.r18.10L08,wt.c60r18.10L08,unknown
b4C2,pTF2.c60.r18.10L09,wt.c60r18.10L09,unknown
b4C3,pTF2.c60.r18.10L10,wt.c60r18.10L10,unknown
b4C4,pTF2.c60.r18.10L11,wt.c60r18.10L11,unknown
b4C5,pTF2.c60.r18.10L12,wt.c60r18.10L12,unknown
b4C6,pTF2.c60.r18.10L13,wt.c60r18.10L13,unknown
b4C7,pTF2.c60.r18.10L14,wt.c60r18.10L14,unknown
b4C8,pTF2.c60.r18.10L15,wt.c60r18.10L15,unknown
b4C9,pTF2.c60.r18.10L16,wt.c60r18.10L16,unknown
b4D1,pTF2.c60.r18.10L17,wt.c60r18.10L17,unknown
b4D2,pTF2.c60.r18.10L18,wt.c60r18.10L18,unknown
b4D3,pTF2.c60.r18.10L19,wt.c60r18.10L19,unknown
b4D4,pTF2.c60.r18.10L20,wt.c60r18.10L20,unknown
b4D5,pTF2.c60.r18.10L21,wt.c60r18.10L21,unknown
b4D6,pTF2.c60.r18.10L22,wt.c60r18.10L22,unknown
b4D7,pTF2.c60.r18.10L23,wt.c60r18.10L23,unknown
b4D8,pTF2.c60.r18.10L24,wt.c60r18.10L24,unknown
b4D9,pTF2.c61.r18.10L01,wt.c61r18.10L01,unknown
b4E1,pTF2.c61.r18.10L02,wt.c61r18.10L02,unknown
b4E2,pTF2.c61.r18.10L03,wt.c61r18.10L03,unknown
b4E3,pTF2.c61.r18.10L04,wt.c61r18.10L04,unknown
b4E4,pTF2.c61.r18.10L05,wt.c61r18.10L05,unknown
b4E5,pTF2.c61.r18.10L06,wt.c61r18.10L06,unknown
b4E6,pTF2.c61.r18.10L07,wt.c61r18.10L07,unknown
b4E7,pTF2.c61.r18.10L08,wt.c61r18.10L08,unknown
b4E8,pTF2.c61.r18.10L09,wt.c61r18.10L09,unknown
b4E9,pTF2.c61.r18.10L10,wt.c61r18.10L10,unknown
b4F1,pTF2.c61.r18.10L11,wt.c61r18.10L11,unknown
b4F2,pTF2.c61.r18.10L12,wt.c61r18.10L12,unknown
b4F3,pTF2.c61.r18.10L13,wt.c61r18.10L13,unknown
b4F4,pTF2.c61.r18.10L14,wt.c61r18.10L14,unknown
b4F5,pTF2.c61.r18.10L15,wt.c61r18.10L15,unknown
b4F6,pTF2.c61.r18.10L16,wt.c61r18.10L16,unknown
b4F7,pTF2.c61.r18.10L17,wt.c61r18.10L17,unknown
b4F8,pTF2.c61.r18.10L18,wt.c61r18.10L18,unknown
b4F9,pTF2.c61.r18.10L19,wt.c61r18.10L19,unknown
b4G1,pTF2.c61.r18.10L20,wt.c61r18.10L20,unknown
b4G2,pTF2.c61.r18.10L21,wt.c61r18.10L21,unknown
b4G3,pTF2.c61.r18.10L22,wt.c61r18.10L22,unknown
b4G4,pTF2.c61.r18.10L23,wt.c61r18.10L23,unknown
b4G5,pTF2.c61.r18.10L24,wt.c61r18.10L24,unknown
b4G6,pTF2.c71.r18.10L01,wt.c71r18.10L01,unknown
b4G7,pTF2.c71.r18.10L02,wt.c71r18.10L02,unknown
b4G8,pTF2.c71.r18.10L03,wt.c71r18.10L03,unknown
b4G9,pTF2.c71.r18.10L04,wt.c71r18.10L04,unknown
b4H1,pTF2.c71.r18.10L05,wt.c71r18.10L05,unknown
b4H2,pTF2.c71.r18.10L06,wt.c71r18.10L06,unknown
b4H3,pTF2.c71.r18.10L07,wt.c71r18.10L07,unknown
b4H4,pTF2.c71.r18.10L08,wt.c71r18.10L08,unknown
b4H5,pTF2.c71.r18.10L09,wt.c71r18.10L09,unknown
b4H6,pTF2.c71.r18.10L10,wt.c71r18.10L10,unknown
b4H7,pTF2.c71.r18.10L11,wt.c71r18.10L11,unknown
b4H8,pTF2.c71.r18.10L12,wt.c71r18.10L12,unknown
b4H9,pTF2.c71.r18.10L13,wt.c71r18.10L13,unknown
b4I1,pTF2.c71.r18.10L14,wt.c71r18.10L14,unknown
b4I2,pTF2.c71.r18.10L15,wt.c71r18.10L15,unknown
b4I3,pTF2.c71.r18.10L16,wt.c71r18.10L16,unknown
b4I4,pTF2.c71.r18.10L17,wt.c71r18.10L17,unknown
b4I5,pTF2.c71.r18.10L18,wt.c71r18.10L18,unknown
b4I6,pTF2.c71.r18.10L19,wt.c71r18.10L19,unknown
b4I7,pTF2.c71.r18.10L20,wt.c71r18.10L20,unknown
b4I8,pTF2.c71.r18.10L21,wt.c71r18.10L21,unknown
b4I9,pTF2.c71.r18.10L22,wt.c71r18.10L22,unknown
b5A1,pTF2.c71.r18.10L23,wt.c71r18.10L23,unknown
b5A2,pTF2.c71.r18.10L24,wt.c71r18.10L24,unknown
b5A3,pTF1.61c-ocl.35Lp1,61c-ocl.35pool,no
b5A4,pTF1.61c-ocl.35Lp2,61c-ocl.35pool,no
b5A5,pTF1.c61ocl.A,c61ocl,yes
b5A6,pTF1.c61ocl.B,c61ocl_r17,yes
b5A7,pTF1.61c-ocl.A,61c-ocl,no
b5A8,pTF1.61c-ocl.B,61c-ocl,yes
b5A9,pTF1.71c-ocl.A,71c-ocl,yes
b5B1,pTF1.71c-ocl.B,71c-ocl,no
b5B2,pTF1.61c-ocl.35L01,61c-ocl.35L01,yes
b5B3,pTF1.61c-ocl.35L02,61c-ocl.35L02,yes
b5B4,pTF1.61c-ocl.35L03,61c-ocl.35L03_1d,no
b5B5,pTF1.61c-ocl.35L04,61c-ocl.35L04,yes
b5B6,pTF1.61c-ocl.35L05,61c-ocl.35L05_r17,no
b5B7,pTF1.61c-ocl.35L06,61c-ocl.35L06,yes
b5B8,pTF1.61c-ocl.35L07,61c-ocl.35L07,yes
b5B9,pTF1.61c-ocl.35L08,61c-ocl.35L08,yes
b5C1,pTF1.61c-ocl.35L09,61c-ocl.35L09,yes
b5C2,pTF1.61c-ocl.35L10,61c-ocl.35L10,yes
b5C3,pTF1.61c-ocl.35L11,61c-ocl.35L11,yes
b5C4,pTF1.61c-ocl.35L12,61c-ocl.35L12,yes
b5C5,pTF1.61c-ocl.35L13,61c-ocl.35L13,yes
b5C6,pTF1.61c-ocl.35L14,61c-ocl.35L14_2d,no
b5C7,pTF1.61c-ocl.35L15,61c-ocl.35L15,yes
b5C8,pTF1.61c-ocl.35L16,61c-ocl.35L16,yes
b5C9,pTF1.61c-ocl.35L17,61c-ocl.35L17,yes
b5D1,pTF1.61c-ocl.35L18,61c-ocl.35L18,yes
b5D2,pTF1.61c-ocl.35L19,61c-ocl.35L19,yes
b5D3,pTF1.61c-ocl.35L20,61c-ocl.35L20,yes
b5D4,pTF1.61c-ocl.35L21,61c-ocl.35L21,yes
b5D5,pTF1.61c-ocl.35L22,61c-ocl.35L22,yes
b5D6,pTF1.61c-ocl.35L23,61c-ocl.35L23,yes
b5D7,pTF1.61c-ocl.35L24,61c-ocl.35L24,yes
b5D8,pTF1.61c-.oc0.35Lp1,oc0.35Lp1,no
b5D9,pTF1.61c-.oc0.35Lp2,oc0.35Lp2,no
b5E1,pTF1.61c-.oc-2.A,61c-oc-2,unknown
b5E2,pTF1.61c-.oc-2.B,61c-oc-2,unknown
b5E3,pTF1.61c-.oc0.A,61c-oc0,no
b5E4,pTF1.61c-.oc0.B,61c-oc0,yes
b5E5,pTF1.61c-.oc1.A,61c-oc1,unknown
b5E6,pTF1.61c-.oc1.B,61c-oc1,unknown
b5E7,pTF1.61c-.oc2.A,61c-oc2,unknown
b5E8,pTF1.61c-.oc2.B,61c-oc2,unknown
b5E9,pTF1.71c-.oc0.A,71c-oc0,unknown
b5F1,pTF1.71c-.oc0.B,71c-oc0,unknown
b5F2,pTF1.61c-.oc0.35L01,oc0.35L01,yes
b5F3,pTF1.61c-.oc0.35L02,oc0.35L02,yes
b5F4,pTF1.61c-.oc0.35L03,oc0.35L03,yes
b5F5,pTF1.61c-.oc0.35L04,oc0.35L04,yes
b5F6,pTF1.61c-.oc0.35L05,oc0.35L05,yes
b5F7,pTF1.61c-.oc0.35L06,oc0.35L06,yes
b5F8,pTF1.61c-.oc0.35L07,oc0.35L07,yes
b5F9,pTF1.61c-.oc0.35L08,oc0.35L08,yes
b5G1,pTF1.61c-.oc0.35L09,oc0.35L09,yes
b5G2,pTF1.61c-.oc0.35L10,oc0.35L10,no
b5G3,pTF1.61c-.oc0.35L11,oc0.35L11,yes
b5G4,pTF1.61c-.oc0.35L12,oc0.35L12,yes
b5G5,pTF1.61c-.oc0.35L13,oc0.35L13,yes
b5G6,pTF1.61c-.oc0.35L14,oc0.35L14,yes
b5G7,pTF1.61c-.oc0.35L15,oc0.35L15,yes
b5G8,pTF1.61c-.oc0.35L16,oc0.35L16,yes
b5G9,pTF1.61c-.oc0.35L17,oc0.35L17,yes
b5H1,pTF1.61c-.oc0.35L18,oc0.35L18,yes
b5H2,pTF1.61c-.oc0.35L19,oc0.35L19,yes
b5H3,pTF1.61c-.oc0.35L20,oc0.35L20,yes
b5H4,pTF1.61c-.oc0.35L21,oc0.35L21,unknown
b5H5,pTF1.61c-.oc0.35L22,oc0.35L22,yes
b5H6,pTF1.61c-.oc0.35L23,oc0.35L23,yes
b5H7,pTF1.61c-.oc0.35L24,oc0.35L24,yes
b5H8,pWI.crpmini.Lp1,crpmini.Lp1,no
b5H9,pWI.crpmini.Lp2,crpmini.Lp2,no
b5I1,pWI.MGmini.Lp1,MGmini.Lp1,no
b5I2,pWI.MGmini.Lp2,MGmini.Lp2,no
b5I3,pWI.crpmini.L01,crpmini.L01,unknown
b5I4,pWI.crpmini.L02,crpmini.L02,unknown
b5I5,pWI.crpmini.L03,crpmini.L03,unknown
b5I6,pWI.crpmini.L04,crpmini.L04,unknown
b5I7,pWI.crpmini.L05,crpmini.L05,unknown
b5I8,pWI.crpmini.L06,crpmini.L06,unknown
b5I9,pWI.crpmini.L07,crpmini.L07,unknown
DJa01,pJK48.c61.r18.L10.01,DJ.c61.L10.01,yes
DJa02,pJK48.c61.r18.L10.02,DJ.c61.L10.02,yes
DJa03,pJK48.c61.r18.L10.03,DJ.c61.L10.03,yes
DJa04,pJK48.c61.r18.L10.04,DJ.c61.L10.04,no
DJa05,pJK48.c61.r18.L10.05,DJ.c61.L10.05,yes
DJa06,pJK48.c61.r18.L10.06,DJ.c61.L10.06,yes
DJa07,pJK48.c61.r18.L10.07,DJ.c61.L10.07,yes
DJa08,pJK48.c61.r18.L10.08,DJ.c61.L10.08,yes
DJa09,pJK48.c61.r18.L10.09,DJ.c61.L10.09,no
DJa10,pJK48.c61.r18.L10.10,DJ.c61.L10.10,yes
DJa11,pJK48.c61.r18.L10.11,DJ.c61.L10.11,yes
DJa12,pJK48.c61.r18.L10.12,DJ.c61.L10.12,yes
DJa13,pJK48.c61.r18.L10.13,DJ.c61.L10.13,yes
DJa14,pJK48.c61.r18.L10.14,DJ.c61.L10.14,yes
DJa15,pJK48.c61.r18.L10.15,DJ.c61.L10.15,yes
DJa16,pJK48.c61.r18.L10.16,DJ.c61.L10.16,yes
DJa17,pJK48.c61.r18.L10.17,DJ.c61.L10.17,yes
DJa18,pJK48.c61.r18.L10.18,DJ.c61.L10.18,yes
DJa19,pJK48.c61.r18.L10.19,DJ.c61.L10.19,yes
DJa20,pJK48.c61.r18.L10.20,DJ.c61.L10.20,yes
DJa21,pJK48.c61.r18.L10.21,DJ.c61.L10.21,yes
DJa22,pJK48.c61.r18.L10.22,DJ.c61.L10.22,yes
DJa23,pJK48.c61.r18.L10.23,DJ.c61.L10.23,yes
DJa24,pJK48.c61.r18.L10.24,DJ.c61.L10.24,yes
DJb01,pJK48.c61.r18.L35.01,DJ.c61.L35.01,yes
DJb02,pJK48.c61.r18.L35.02,DJ.c61.L35.02,yes
DJb03,pJK48.c61.r18.L35.03,DJ.c61.L35.03,yes
DJb04,pJK48.c61.r18.L35.04,DJ.c61.L35.04,yes
DJb05,pJK48.c61.r18.L35.05,DJ.c61.L35.05,no
DJb06,pJK48.c61.r18.L35.06,DJ.c61.L35.06,yes
DJb07,pJK48.c61.r18.L35.07,DJ.c61.L35.07,yes
DJb08,pJK48.c61.r18.L35.08,DJ.c61.L35.08,yes
DJb09,pJK48.c61.r18.L35.09,DJ.c61.L35.09,yes
DJb10,pJK48.c61.r18.L35.10,DJ.c61.L35.10,no
DJb11,pJK48.c61.r18.L35.11,DJ.c61.L35.11,yes
DJb12,pJK48.c61.r18.L35.12,DJ.c61.L35.12,yes
DJb13,pJK48.c61.r18.L35.13,DJ.c61.L35.13,no
DJb14,pJK48.c61.r18.L35.14,DJ.c61.L35.14,yes
DJb15,pJK48.c61.r18.L35.15,DJ.c61.L35.15,yes
DJb16,pJK48.c61.r18.L35.16,DJ.c61.L35.16,yes
DJb17,pJK48.c61.r18.L35.17,DJ.c61.L35.17,yes
DJb18,pJK48.c61.r18.L35.18,DJ.c61.L35.18,yes
DJb19,pJK48.c61.r18.L35.19,DJ.c61.L35.19,no
DJb20,pJK48.c61.r18.L35.20,DJ.c61.L35.20,yes
DJb21,pJK48.c61.r18.L35.21,DJ.c61.L35.21,yes
DJb22,pJK48.c61.r18.L35.22,DJ.c61.L35.22,yes
DJb23,pJK48.c61.r18.L35.23,DJ.c61.L35.23,yes
DJb24,pJK48.c61.r18.L35.24,DJ.c61.L35.24,yes
b6A1,pWI.crpmini.L08,crpmini.L08,unknown
b6A2,pWI.crpmini.L09,crpmini.L09,unknown
b6A3,pWI.crpmini.L10,crpmini.L10,unknown
b6A4,pWI.crpmini.L11,crpmini.L11,unknown
b6A5,pWI.crpmini.L12,crpmini.L12,unknown
b6A6,pTF1.c61r18.bcA,c61.bcA,yes
b6A7,pTF1.c61r18.bcB,c61.bcB,yes
b6A8,pTF1.61c-r18.bcA,61c-.bcA,yes
b6A9,pTF1.61c-r18.bcB,61c-.bcB,yes
b6B1,pTF1.c61.35L06.bcA,35L06.bcA,yes
b6B2,pTF1.c61.35L06.bcB,35L06.bcB,yes
b6B3,pTF1.c61.35L11.bcA,35L11.bcA,yes
b6B4,pTF1.c61.35L11.bcB,35L11.bcB,yes
b6B5,pTF1.c61.35L12.bcA,35L12.bcA,no
b6B6,pTF1.c61.35L12.bcB,35L12.bcB,yes
b6B7,pTF1.c61.35L15.bcA,35L15.bcA,yes
b6B8,pTF1.c61.35L15.bcB,35L15.bcB,yes
b6B9,pTF1.c61.35L16.bcA,35L16.bcA,yes
b6C1,pTF1.c61.35L16.bcB,35L16.bcB,yes
b6C2,pTF1.c61.35L24.bcA,35L24.bcA,yes
b6C3,pTF1.c61.35L24.bcA,35L24.bcA,yes
b6C4,pTF1.c61.10L02.bcA,10L02.bcA,yes
b6C5,pTF1.c61.10L02.bcB,10L02.bcB,yes
b6C6,pTF1.c61.10L05.bcA,10L05.bcA,yes
b6C7,pTF1.c61.10L05.bcB,10L05.bcB,yes
b6C8,pTF1.c61.10L10.bcA,10L10.bcA,yes
b6C9,pTF1.c61.10L10.bcB,10L10.bcB,yes
b6D1,pTF1.c61.10L11.bcA,10L11.bcA,no
b6D2,pTF1.c61.10L11.bcB,10L11.bcB,unknown
b6D3,pTF1.c61.10L19.bcA,10L19.bcA,yes
b6D4,pTF1.c61.10L19.bcB,10L19.bcB,yes
b6D5,pTF1.c61.10L21.bcA,10L21.bcA,yes
b6D6,pTF1.c61.10L21.bcB,10L21.bcB,yes
b6D7,pTF3.c61r18.bcA,c61.bcA,yes
b6D8,pTF3.c61r18.bcB,c61.bcB,no
b6D9,pTF3.61c-r18.bcA,61c-.bcA,yes
b6E1,pTF3.61c-r18.bcB,61c-.bcB,yes
b6E2,pTF3.c61.35L06.bcA,35L06.bcA,yes
b6E3,pTF3.c61.35L06.bcB,35L06.bcB,yes
b6E4,pTF3.c61.35L11.bcA,35L11.bcA,yes
b6E5,pTF3.c61.35L11.bcB,35L11.bcB,yes
b6E6,pTF3.c61.35L12.bcA,35L12.bcA,yes
b6E7,pTF3.c61.35L12.bcB,35L12.bcB,yes
b6E8,pTF3.c61.35L15.bcA,35L15.bcA,yes
b6E9,pTF3.c61.35L15.bcB,35L15.bcB,yes
b6F1,pTF3.c61.35L16.bcA,35L16.bcA,yes
b6F2,pTF3.c61.35L16.bcB,35L16.bcB,yes
b6F3,pTF3.c61.35L24.bcA,35L24.bcA,yes
b6F4,pTF3.c61.35L24.bcB,35L24.bcA,yes
b6F5,pTF3.c61.10L02.bcA,10L02.bcA,yes
b6F6,pTF3.c61.10L02.bcB,10L02.bcB,yes
b6F7,pTF3.c61.10L05.bcA,10L05.bcA,yes
b6F8,pTF3.c61.10L05.bcB,10L05.bcB,no
b6F9,pTF3.c61.10L10.bcA,10L10.bcA,yes
b6G1,pTF3.c61.10L10.bcB,10L10.bcB,yes
b6G2,pTF3.c61.10L11.bcA,10L11.bcA,unknown
b6G3,pTF3.c61.10L11.bcB,10L11.bcB,unknown
b6G4,pTF3.c61.10L19.bcA,10L19.bcA,yes
b6G5,pTF3.c61.10L19.bcB,10L19.bcB,yes
b6G6,pTF3.c61.10L21.bcA,10L21.bcA,yes
b6G7,pTF3.c61.10L21.bcB,10L21.bcB,yes
b6G8,pJK1.A,pJK1A,yes
b6G9,pJK1.B,pJK1B,yes
b6H1,pJK1.C,pJK1C,yes
b6H2,pTF1.c61.35LbcpoolA,c61.-35bcA,unknown
b6H3,pTF1.c61.35LbcpoolB,c61.-35bcB,unknown
b6H4,pTF1.c61.35LbcpoolC,c61.-35bcC,unknown
b6H5,pTF1.c61.10LbcpoolA,c61.-10bcA,unknown
b6H6,pTF1.c61.10LbcpoolB,c61.-10bcB,unknown
b6H7,pTF1.c61.10LbcpoolC,c61.-10bcC,unknown
b6H8,pTF3.c61.35LbcpoolA,c61.-35bcA,unknown
b6H9,pTF3.c61.35LbcpoolB,c61.-35bcB,unknown
b6I1,pTF3.c61.35LbcpoolC,c61.-35bcC,unknown
b6I2,pTF3.c61.10LbcpoolA,c61.-10bcA,unknown
b6I3,pTF3.c61.10LbcpoolB,c61.-10bcB,unknown
b6I4,pTF3.c61.10LbcpoolC,c61.-10bcC,unknown
b6I5,pTF1.c61r18.bcC,c61.bcC,yes
b6I6,pTF1.c61r18.bcD,c61.bcD,yes
b6I7,pTF1.c61r18.bcE,c61.bcE,yes
b6I8,pTF1.c61r18.bcF,c61.bcF,yes
b6I9,pTF1.c61r18.bcG,c61.bcG,yes
b7A1,pTF1.c61r18.bcH,c61.bcH,yes
b7A2,pTF1.c61r18.bcI,c61.bcI,yes
b7A3,pTF1.c61r18.bcJ,c61.bcJ,yes
b7A4,pTF1.c61r18.bcK,c61.bcK,yes
b7A5,pTF1.c61r18.bcL,c61.bcL,yes
b7A6,pTF1.c61r18.bcM,c61.bcM,yes
b7A7,pTF1.c61r18.bcN,c61.bcN,yes
b7A8,pTF1.c61r18.bcO,c61.bcO,unknown
b7A9,pTF1.c61r18.bcP,c61.bcP,yes
b7B1,pTF1.c61r18.bcQ,c61.bcQ,yes
b7B2,pTF1.c61r18.bcR,c61.bcR,yes
b7B3,pTF1.c61r18.bcS,c61.bcS,yes
b7B4,pTF1.c61r18.bcT,c61.bcT,yes
b7B5,pTF1.c61r18.bcU,c61.bcU,no
b7B6,pTF1.c61r18.bcV,c61.bcV,yes
b7B7,pTF3.c61r18.bcC,c61.bcC,yes
b7B8,pTF3.c61r18.bcD,c61.bcD,yes
b7B9,pTF3.c61r18.bcE,c61.bcE,yes
b7C1,pTF3.c61r18.bcF,c61.bcF,yes
b7C2,pTF3.c61r18.bcG,c61.bcG,yes
b7C3,pTF3.c61r18.bcH,c61.bcH,yes
b7C4,pTF3.c61r18.bcI,c61.bcI,yes
b7C5,pTF3.c61r18.bcJ,c61.bcJ,yes
b7C6,pTF3.c61r18.bcK,c61.bcK,yes
b7C7,pTF3.c61r18.bcL,c61.bcL,yes
b7C8,pTF3.c61r18.bcM,c61.bcM,yes
b7C9,pTF3.c61r18.bcN,c61.bcN,yes
b7D1,pTF3.c61r18.bcO,c61.bcO,yes
b7D2,pTF3.c61r18.bcP,c61.bcP,yes
b7D3,pTF3.c61r18.bcQ,c61.bcQ,yes
b7D4,pTF3.c61r18.bcR,c61.bcR,yes
b7D5,pTF3.c61r18.bcS,c61.bcS,yes
b7D6,pTF3.c61r18.bcT,c61.bcT,yes
b7D7,pTF3.c61r18.bcU,c61.bcU,yes
b7D8,pTF1.c60.r18L10.01,c60r18.10L01,yes
b7D9,pTF1.c60.r18L10.02,c60r18.10L02,yes
b7E1,pTF1.c60.r18L10.03,c60r18.10L03,yes
b7E2,pTF1.c60.r18L10.04,c60r18.10L04,yes
b7E3,pTF1.c60.r18L10.05,c60r18.10L05,yes
b7E4,pTF1.c60.r18L10.06,c60r18.10L06,yes
b7E5,pTF1.c60.r18L10.07,c60r18.10L07,yes
b7E6,pTF1.c60.r18L10.08,c60r18.10L08,yes
b7E7,pTF1.c60.r18L10.09,c60r18.10L09,yes
b7E8,pTF1.c60.r18L10.10,c60r18.10L10,yes
b7E9,pTF1.c60.r18L10.11,c60r18.10L11,yes
b7F1,pTF1.c60.r18L10.12,c60r18.10L12,yes
b7F2,pTF1.c60.r18L10.13,c60r18.10L13,yes
b7F3,pTF1.c60.r18L10.14,c60r18.10L14,yes
b7F4,pTF1.c60.r18L10.15,c60r18.10L15,no
b7F5,pTF1.c60.r18L10.16,c60r18.10L16,no
b7F6,pTF1.c60.r18L10.17,c60r18.10L17,yes
b7F7,pTF1.c60.r18L10.18,c60r18.10L18,yes
b7F8,pTF1.c60.r18L10.19,c60r18.10L19,yes
b7F9,pTF1.c60.r18L10.20,c60r18.10L20,no
b7G1,pTF1.c60.r18L10.21,c60r18.10L21,yes
b7G2,pTF1.c60.r18L10.22,c60r18.10L22,yes
b7G3,pTF1.c60.r18L10.23,c60r18.10L23,yes
b7G4,pTF1.c60.r18L10.24,c60r18.10L24,no
b7G5,pTF1.c62.r18L10.01,c62r18.10L01,yes
b7G6,pTF1.c62.r18L10.02,c62r18.10L02,yes
b7G7,pTF1.c62.r18L10.03,c62r18.10L03,yes
b7G8,pTF1.c62.r18L10.04,c62r18.10L04,yes
b7G9,pTF1.c62.r18L10.05,c62r18.10L05,yes
b7H1,pTF1.c62.r18L10.06,c62r18.10L06,yes
b7H2,pTF1.c62.r18L10.07,c62r18.10L07,yes
b7H3,pTF1.c62.r18L10.08,c62r18.10L08,yes
b7H4,pTF1.c62.r18L10.09,c62r18.10L09,yes
b7H5,pTF1.c62.r18L10.10,c62r18.10L10,yes
b7H6,pTF1.c62.r18L10.11,c62r18.10L11,yes
b7H7,pTF1.c62.r18L10.12,c62r18.10L12,yes
b7H8,pTF1.c62.r18L10.13,c62r18.10L13,yes
b7H9,pTF1.c62.r18L10.14,c62r18.10L14,yes
b7I1,pTF1.c62.r18L10.15,c62r18.10L15,yes
b7I2,pTF1.c62.r18L10.16,c62r18.10L16,yes
b7I3,pTF1.c62.r18L10.17,c62r18.10L17,yes
b7I4,pTF1.c62.r18L10.18,c62r18.10L18,yes
b7I5,pTF1.c62.r18L10.19,c62r18.10L19,yes
b7I6,pTF1.c62.r18L10.20,c62r18.10L20,no
b7I7,pTF1.c62.r18L10.21,c62r18.10L21,yes
b7I8,pTF1.c62.r18L10.22,c62r18.10L22,yes
b7I9,pTF1.c62.r18L10.23,c62r18.10L23,yes
b8A1,pTF1.c62.r18L10.24,c62r18.10L24,no
b8A2,pTF1.c81.r18L10.01,c81r18.10L01,yes
b8A3,pTF1.c81.r18L10.02,c81r18.10L02,unknown
b8A4,pTF1.c81.r18L10.03,c81r18.10L03,yes
b8A5,pTF1.c81.r18L10.04,c81r18.10L04,unknown
b8A6,pTF1.c81.r18L10.05,c81r18.10L05,yes
b8A7,pTF1.c81.r18L10.06,c81r18.10L06,yes
b8A8,pTF1.c81.r18L10.07,c81r18.10L07,yes
b8A9,pTF1.c81.r18L10.08,c81r18.10L08,yes
b8B1,pTF1.c81.r18L10.09,c81r18.10L09,yes
b8B2,pTF1.c81.r18L10.10,c81r18.10L10,yes
b8B3,pTF1.c81.r18L10.11,c81r18.10L11,yes
b8B4,pTF1.c81.r18L10.12,c81r18.10L12,yes
b8B5,pTF1.c81.r18L10.13,c81r18.10L13,yes
b8B6,pTF1.c81.r18L10.14,c81r18.10L14,yes
b8B7,pTF1.c81.r18L10.15,c81r18.10L15,yes
b8B8,pTF1.c81.r18L10.16,c81r18.10L16,unknown
b8B9,pTF1.c81.r18L10.17,c81r18.10L17,yes
b8C1,pTF1.c81.r18L10.18,c81r18.10L18,yes
b8C2,pTF1.c81.r18L10.19,c81r18.10L19,yes
b8C3,pTF1.c81.r18L10.20,c81r18.10L20,yes
b8C4,pTF1.c81.r18L10.21,c81r18.10L21,unknown
b8C5,pTF1.c81.r18L10.22,c81r18.10L22,no
b8C6,pTF1.c81.r18L10.23,c81r18.10L23,yes
b8C7,pTF1.c81.r18L10.24,c81r18.10L24,yes
b8C8,pTF3.c61r18.A,c61r18,unknown
b8C9,pTF3.c61r18.B,c61r18,unknown
b8D1,pTF3.c61r18.C,c61r18,unknown
b8D2,pTF3.c61r18.D,c61r18,unknown
b8D3,pTF1.b1C2.bc0G1.A,rref01.bc0G1.A,unknown
b8D4,pTF1.b1C2.bc0G1.B,rref01.bc0G1.B,unknown
b8D5,pTF1.b1C7.bc0G1.A,rref02.bc0G1.A,unknown
b8D6,pTF1.b1C7.bc0G1.B,rref02.bc0G1.B,unknown
b8D7,pTF1.b1C8.bc0G1.A,rref03.bc0G1.A,unknown
b8D8,pTF1.b1C8.bc0G1.B,rref03.bc0G1.B,unknown
b8D9,pTF1.b1D2.bc0G1.A,rref04.bc0G1.A,unknown
b8E1,pTF1.b1D2.bc0G1.B,rref04.bc0G1.B,unknown
b8E2,pTF1.b1D3.bc0G1.A,rref05.bc0G1.A,unknown
b8E3,pTF1.b1D3.bc0G1.B,rref05.bc0G1.B,unknown
b8E4,pTF1.b1E2.bc0G1.A,rref06.bc0G1.A,unknown
b8E5,pTF1.b1E2.bc0G1.B,rref06.bc0G1.B,unknown
b8E6,pTF1.b2C7.bc0G1.A,rref07.bc0G1.A,unknown
b8E7,pTF1.b2C7.bc0G1.B,rref07.bc0G1.B,unknown
b8E8,pTF1.b2D1.bc0G1.A,rref08.bc0G1.A,unknown
b8E9,pTF1.b2D1.bc0G1.B,rref08.bc0G1.B,unknown
b8F1,pTF1.b2D6.bc0G1.A,rref09.bc0G1.A,unknown
b8F2,pTF1.b2D6.bc0G1.B,rref09.bc0G1.B,unknown
b8F3,pTF1.b2D7.bc0G1.A,rref10.bc0G1.A,unknown
b8F4,pTF1.b2D7.bc0G1.B,rref10.bc0G1.B,unknown
b8F5,pTF1.b2E6.bc0G1.A,rref11.bc0G1.A,unknown
b8F6,pTF1.b2E6.bc0G1.B,rref11.bc0G1.B,unknown
b8F7,pTF1.b2E8.bc0G1.A,rref12.bc0G1.A,unknown
b8F8,pTF1.b2E8.bc0G1.B,rref12.bc0G1.B,unknown
b8F9,pTF1.c61wt.bc8.A,c61wt.bc8.A,unknown
b8G1,pTF1.c61wt.bc8.B,c61wt.bc8.B,unknown
b8G2,pTF1.c61wt.bc8.C,c61wt.bc8.C,unknown
b8G3,pTF1.c61wt.bc8.D,c61wt.bc8.D,unknown
b8G4,pTF1.c61wt.bc8.E,c61wt.bc8.E,unknown
b8G5,pTF1.c61wt.bc8.F,c61wt.bc8.F,unknown
b8G6,pTF1.c61wt.bc8.G,c61wt.bc8.G,unknown
b8G7,pTF1.c61wt.bc8.H,c61wt.bc8.H,unknown
b8G8,pTF1.c61wt.bc8.I,c61wt.bc8.I,unknown
b8G9,pTF1.c61wt.bc8.J,c61wt.bc8.J,unknown
b8H1,pTF1.c61wt.bc8.K,c61wt.bc8.K,unknown
b8H2,pTF1.c61wt.bc0.A,c61wt.bc0.A,unknown
b8H3,pTF1.c61wt.bc0.B,c61wt.bc0.B,unknown
b8H4,pTF1.c61wt.bc0.C,c61wt.bc0.C,unknown
b8H5,pTF1.c61wt.bc0.D,c61wt.bc0.D,unknown
b8H6,pTF1.c61wt.bc0.E,c61wt.bc0.E,unknown
b8H7,pTF1.c61wt.bc0.F,c61wt.bc0.F,unknown
b8H8,pTF1.c61wt.bc0.G,c61wt.bc0.G,unknown
b8H9,pTF1.c61wt.bc0.H,c61wt.bc0.H,unknown
b8I1,pTF1.c61wt.bc0.I,c61wt.bc0.I,unknown
b8I2,pTF1.c61wt.bc0.J,c61wt.bc0.J,unknown
b8I3,pTF1.c61wt.bc0.K,c61wt.bc0.K,unknown
b8I4,pTF1.c61wt.bc0G1.A,c61wt.bc0G1.A,unknown
b8I5,pTF1.c61wt.bc0G1.B,c61wt.bc0G1.B,unknown
b8I6,pTF1.c61wt.bc0G1.C,c61wt.bc0G1.C,unknown
b8I7,pTF1.c61wt.bc0G1.D,c61wt.bc0G1.D,unknown
b8I8,pTF1.c61wt.bc0G1.E,c61wt.bc0G1.E,unknown
b8I9,pTF1.c61wt.bc0G1.F,c61wt.bc0G1.F,unknown
b9A1,pTF1.c61wt.bc0G1.G,c61wt.bc0G1.G,unknown
b9A2,pTF1.c61wt.bc0G1.H,c61wt.bc0G1.H,unknown
b9A3,pTF1.c61wt.bc0G1.I,c61wt.bc0G1.I,unknown
b9A4,pTF1.c61wt.bc0G1.J,c61wt.bc0G1.J,unknown
b9A5,pTF1.c61wt.bc0G1.K,c61wt.bc0G1.K,unknown
b9A6,pTF1.c61wt.bc0G2.A,c61wt.bc0G2.A,unknown
b9A7,pTF1.c61wt.bc0G2.B,c61wt.bc0G2.B,unknown
b9A8,pTF1.c61wt.bc0G2.C,c61wt.bc0G2.C,unknown
b9A9,pTF1.c61wt.bc0G2.D,c61wt.bc0G2.D,unknown
b9B1,pTF1.c61wt.bc0G2.E,c61wt.bc0G2.E,unknown
b9B2,pTF1.c61wt.bc0G2.F,c61wt.bc0G2.F,unknown
b9B3,pTF1.c61wt.bc0G2.G,c61wt.bc0G2.G,unknown
b9B4,pTF1.c61wt.bc0G2.H,c61wt.bc0G2.H,unknown
b9B5,pTF1.c61wt.bc0G2.I,c61wt.bc0G2.I,unknown
b9B6,pTF1.c61wt.bc0G2.J,c61wt.bc0G2.J,unknown
b9B7,pTF1.c61wt.bc0G2.K,c61wt.bc0G2.K,unknown
b9B8,pTF1.c61wt.bc0G3.A,c61wt.bc0G3.A,unknown
b9B9,pTF1.c61wt.bc0G3.B,c61wt.bc0G3.B,unknown
b9C1,pTF1.c61wt.bc0G3.C,c61wt.bc0G3.C,unknown
b9C2,pTF1.c61wt.bc0G3.D,c61wt.bc0G3.D,unknown
b9C3,pTF1.c61wt.bc0G3.E,c61wt.bc0G3.E,unknown
b9C4,pTF1.c61wt.bc0G3.F,c61wt.bc0G3.F,unknown
b9C5,pTF1.c61wt.bc0G3.G,c61wt.bc0G3.G,unknown
b9C6,pTF1.c61wt.bc0G3.H,c61wt.bc0G3.H,unknown
b9C7,pTF1.c61wt.bc0G3.I,c61wt.bc0G3.I,unknown
b9C8,pTF1.c61wt.bc0G3.J,c61wt.bc0G3.J,unknown
b9C9,pTF1.c61wt.bc0G3.K,c61wt.bc0G3.K,unknown
b9D1,pTF1.c63.r18L10.01,c63r18.10L01,yes
b9D2,pTF1.c63.r18L10.02,c63r18.10L02,yes
b9D3,pTF1.c63.r18L10.03,c63r18.10L03,yes
b9D4,pTF1.c63.r18L10.04,c63r18.10L04,yes
b9D5,pTF1.c63.r18L10.05,c63r18.10L05,yes
b9D6,pTF1.c63.r18L10.06,c63r18.10L06,yes
b9D7,pTF1.c63.r18L10.07,c63r18.10L07,no
b9D8,pTF1.c63.r18L10.08,c63r18.10L08,yes
b9D9,pTF1.c63.r18L10.09,c63r18.10L09,yes
b9E1,pTF1.c63.r18L10.10,c63r18.10L10,yes
b9E2,pTF1.c63.r18L10.11,c63r18.10L11,yes
b9E3,pTF1.c63.r18L10.12,c63r18.10L12,yes
b9E4,pTF1.c64.r18L10.01,c64r18.10L01,no
b9E5,pTF1.c64.r18L10.02,c64r18.10L02,yes
b9E6,pTF1.c64.r18L10.03,c64r18.10L03,no
b9E7,pTF1.c64.r18L10.04,c64r18.10L04,no
b9E8,pTF1.c64.r18L10.05,c64r18.10L05,unknown
b9E9,pTF1.c64.r18L10.06,c64r18.10L06,yes
b9F1,pTF1.c64.r18L10.07,c64r18.10L07,no
b9F2,pTF1.c64.r18L10.08,c64r18.10L08,unknown
b9F3,pTF1.c64.r18L10.09,c64r18.10L09,yes
b9F4,pTF1.c64.r18L10.10,c64r18.10L10,yes
b9F5,pTF1.c64.r18L10.11,c64r18.10L11,yes
b9F6,pTF1.c64.r18L10.12,c64r18.10L12,yes
b9F7,pTF1.c65.r18L10.01,c65r18.10L01,unknown
b9F8,pTF1.c65.r18L10.02,c65r18.10L02,unknown
b9F9,pTF1.c65.r18L10.03,c65r18.10L03,unknown
b9G1,pTF1.c65.r18L10.04,c65r18.10L04,unknown
b9G2,pTF1.c65.r18L10.05,c65r18.10L05,unknown
b9G3,pTF1.c65.r18L10.06,c65r18.10L06,unknown
b9G4,pTF1.c65.r18L10.07,c65r18.10L07,unknown
b9G5,pTF1.c65.r18L10.08,c65r18.10L08,unknown
b9G6,pTF1.c65.r18L10.09,c65r18.10L09,unknown
b9G7,pTF1.c65.r18L10.10,c65r18.10L10,unknown
b9G8,pTF1.c65.r18L10.11,c65r18.10L11,unknown
b9G9,pTF1.c65.r18L10.12,c65r18.10L12,unknown
b9H1,pTF1.c65.r18L10.13,c65r18.10L13,unknown
b9H2,pTF1.c65.r18L10.14,c65r18.10L14,unknown
b9H3,pTF1.c65.r18L10.15,c65r18.10L15,unknown
b9H4,pTF1.c65.r18L10.16,c65r18.10L16,unknown
b9H5,pTF1.c65.r18L10.17,c65r18.10L17,unknown
b9H6,pTF1.c65.r18L10.18,c65r18.10L18,unknown
b9H7,pTF1.c65.r18L10.19,c65r18.10L19,unknown
b9H8,pTF1.c65.r18L10.20,c65r18.10L20,unknown
b9H9,pTF1.c65.r18L10.21,c65r18.10L21,unknown
b9I1,pTF1.c65.r18L10.22,c65r18.10L22,unknown
b9I2,pTF1.c65.r18L10.23,c65r18.10L23,unknown
b9I3,pTF1.c65.r18L10.24,c65r18.10L24,unknown
b9I4,pTF1.c61wt.bc1.A,c61wt.bc1.A,unknown
b9I5,pTF1.c61wt.bc1.B,c61wt.bc1.B,unknown
b9I6,pTF1.c61wt.bc1.C,c61wt.bc1.C,unknown
b9I7,pTF1.c61wt.bc1.D,c61wt.bc1.D,unknown
b9I8,pTF1.c61wt.bc2.A,c61wt.bc2.A,yes
b9I9,pTF1.c61wt.bc2.B,c61wt.bc2.B,yes
b10A1,pTF1.c61wt.bc2.C,c61wt.bc2.C,yes
b10A2,pTF1.c61wt.bc2.D,c61wt.bc2.D,yes
b10A3,pTF1.c61wt.bc3.A,c61wt.bc3.A,unknown
b10A4,pTF1.c61wt.bc3.B,c61wt.bc3.B,unknown
b10A5,pTF1.c61wt.bc3.C,c61wt.bc3.C,unknown
b10A6,pTF1.c61wt.bc3.D,c61wt.bc3.D,unknown
b10A7,pTF1.c61wt.bc4.A,c61wt.bc4.A,unknown
b10A8,pTF1.c61wt.bc4.B,c61wt.bc4.B,unknown
b10A9,pTF1.c61wt.bc4.C,c61wt.bc4.C,unknown
b10B1,pTF1.c61wt.bc4.D,c61wt.bc4.D,unknown
b10B2,pTF1.c61wt.bc5.A,c61wt.bc5.A,unknown
b10B3,pTF1.c61wt.bc5.B,c61wt.bc5.B,unknown
b10B4,pTF1.c61wt.bc5.C,c61wt.bc5.C,unknown
b10B5,pTF1.c61wt.bc5.D,c61wt.bc5.D,unknown
b10B6,pTF1.c61wt.bc6.A,c61wt.bc6.A,unknown
b10B7,pTF1.c61wt.bc6.B,c61wt.bc6.B,unknown
b10B8,pTF1.c61wt.bc6.C,c61wt.bc6.C,unknown
b10B9,pTF1.c61wt.bc6.D,c61wt.bc6.D,unknown
b10C1,pTF1.c61wt.bc7.A,c61wt.bc7.A,unknown
b10C2,pTF1.c61wt.bc7.B,c61wt.bc7.B,unknown
b10C3,pTF1.c61wt.bc7.C,c61wt.bc7.C,unknown
b10C4,pTF1.c61wt.bc7.D,c61wt.bc7.D,unknown
b10C5,pTF1.c61wt.bc9.A,c61wt.bc9.A,unknown
b10C6,pTF1.c61wt.bc9.B,c61wt.bc9.B,unknown
b10C7,pTF1.c61wt.bc9.C,c61wt.bc9.C,unknown
b10C8,pTF1.c61wt.bc9.D,c61wt.bc9.D,unknown
b10C9,pTF1.c61wt.bc10.A,c61wt.bc10.A,unknown
b10D1,pTF1.c61wt.bc10.B,c61wt.bc10.B,unknown
b10D2,pTF1.c61wt.bc10.C,c61wt.bc10.C,unknown
b10D3,pTF1.c61wt.bc10.D,c61wt.bc10.D,unknown
b10D4,pTF1.c61wt.bc1.E,c61wt.bc1.E,unknown
b10D5,pTF1.c61wt.bc1.F,c61wt.bc1.F,unknown
b10D6,pTF1.c61wt.bc1.G,c61wt.bc1.G,unknown
b10D7,pTF1.c61wt.bc1.H,c61wt.bc1.H,unknown
b10D8,pTF1.c61wt.bc1.I,c61wt.bc1.I,unknown
b10D9,pTF1.c61wt.bc1.J,c61wt.bc1.J,unknown
b10E1,pTF1.c61wt.bc1.K,c61wt.bc1.K,unknown
b10E2,pTF1.c61wt.bc2.E,c61wt.bc2.E,yes
b10E3,pTF1.c61wt.bc2.F,c61wt.bc2.F,yes
b10E4,pTF1.c61wt.bc2.G,c61wt.bc2.G,yes
b10E5,pTF1.c61wt.bc2.H,c61wt.bc2.H,yes
b10E6,pTF1.c61wt.bc2.I,c61wt.bc2.I,yes
b10E7,pTF1.c61wt.bc2.J,c61wt.bc2.J,yes
b10E8,pTF1.c61wt.bc2.K,c61wt.bc2.K,yes
b10E9,pTF1.c61wt.bc3.E,c61wt.bc3.E,unknown
b10F1,pTF1.c61wt.bc3.F,c61wt.bc3.F,unknown
b10F2,pTF1.c61wt.bc3.G,c61wt.bc3.G,unknown
b10F3,pTF1.c61wt.bc3.H,c61wt.bc3.H,unknown
b10F4,pTF1.c61wt.bc3.I,c61wt.bc3.I,unknown
b10F5,pTF1.c61wt.bc3.J,c61wt.bc3.J,unknown
b10F6,pTF1.c61wt.bc3.K,c61wt.bc3.K,unknown
b10F7,pTF1.c61wt.bc3.L,c61wt.bc3.L,unknown
b10F8,pTF1.c66.r18.10L01,c66r18.10L01,unknown
b10F9,pTF1.c66.r18.10L02,c66r18.10L02,unknown
b10G1,pTF1.c66.r18.10L03,c66r18.10L03,unknown
b10G2,pTF1.c66.r18.10L04,c66r18.10L04,unknown
b10G3,pTF1.c66.r18.10L05,c66r18.10L05,unknown
b10G4,pTF1.c66.r18.10L06,c66r18.10L06,unknown
b10G5,pTF1.c66.r18.10L07,c66r18.10L07,unknown
b10G6,pTF1.c66.r18.10L08,c66r18.10L08,unknown
b10G7,pTF1.c66.r18.10L09,c66r18.10L09,unknown
b10G8,pTF1.c66.r18.10L10,c66r18.10L10,unknown
b10G9,pTF1.c66.r18.10L11,c66r18.10L11,unknown
b10H1,pTF1.c66.r18.10L12,c66r18.10L12,unknown
b10H2,pTF1.c66.r18.10L13,c66r18.10L13,unknown
b10H3,pTF1.c66.r18.10L14,c66r18.10L14,unknown
b10H4,pTF1.c66.r18.10L15,c66r18.10L15,unknown
b10H5,pTF1.c66.r18.10L16,c66r18.10L16,unknown
b10H6,pTF1.c66.r18.10L17,c66r18.10L17,unknown
b10H7,pTF1.c66.r18.10L18,c66r18.10L18,unknown
b10H8,pTF1.c66.r18.10L19,c66r18.10L19,unknown
b10H9,pTF1.c66.r18.10L20,c66r18.10L20,unknown
b10I1,pTF1.c66.r18.10L21,c66r18.10L21,unknown
b10I2,pTF1.c66.r18.10L22,c66r18.10L22,unknown
b10I3,pTF1.c66.r18.10L23,c66r18.10L23,unknown
b10I4,pTF1.c66.r18.10L24,c66r18.10L24,unknown
b10I5,pTF1.c76.r18.10L01,c76r18.10L01,unknown
b10I6,pTF1.c76.r18.10L02,c76r18.10L02,unknown
b10I7,pTF1.c76.r18.10L03,c76r18.10L03,unknown
b10I8,pTF1.c76.r18.10L04,c76r18.10L04,unknown
b10I9,pTF1.c76.r18.10L05,c76r18.10L05,unknown
b11A1,pTF1.c76.r18.10L06,c76r18.10L06,unknown
b11A2,pTF1.c76.r18.10L07,c76r18.10L07,unknown
b11A3,pTF1.c76.r18.10L08,c76r18.10L08,unknown
b11A4,pTF1.c76.r18.10L09,c76r18.10L09,unknown
b11A5,pTF1.c76.r18.10L10,c76r18.10L10,unknown
b11A6,pTF1.c76.r18.10L11,c76r18.10L11,unknown
b11A7,pTF1.c76.r18.10L12,c76r18.10L12,unknown
b11A8,pTF1.c76.r18.10L13,c76r18.10L13,unknown
b11A9,pTF1.c76.r18.10L14,c76r18.10L14,unknown
b11B1,pTF1.c76.r18.10L15,c76r18.10L15,unknown
b11B2,pTF1.c76.r18.10L16,c76r18.10L16,unknown
b11B3,pTF1.c76.r18.10L17,c76r18.10L17,unknown
b11B4,pTF1.c76.r18.10L18,c76r18.10L18,unknown
b11B5,pTF1.c76.r18.10L19,c76r18.10L19,unknown
b11B6,pTF1.c76.r18.10L20,c76r18.10L20,unknown
b11B7,pTF1.c76.r18.10L21,c76r18.10L21,unknown
b11B8,pTF1.c76.r18.10L22,c76r18.10L22,unknown
b11B9,pTF1.c76.r18.10L23,c76r18.10L23,unknown
b11C1,pTF1.c76.r18.10L24,c76r18.10L24,unknown
b11C2,pTF1.b1A1.bc2.A,b1A1.bc2.A,unknown
b11C3,pTF1.b1A1.bc2.B,b1A1.bc2.B,unknown
b11C4,pTF1.b1A1.bc2.C,b1A1.bc2.C,unknown
b11C5,pTF1.b1A1.bc2.D,b1A1.bc2.D,unknown
b11C6,pTF1.b1C7.bc2.A,b1C7.bc2.A,unknown
b11C7,pTF1.b1C7.bc2.B,b1C7.bc2.B,unknown
b11C8,pTF1.b1C7.bc2.C,b1C7.bc2.C,unknown
b11C9,pTF1.b1C7.bc2.D,b1C7.bc2.D,unknown
b11D1,pTF1.b1C8.bc2.A,b1C8.bc2.A,unknown
b11D2,pTF1.b1C8.bc2.B,b1C8.bc2.B,unknown
b11D3,pTF1.b1C8.bc2.C,b1C8.bc2.C,unknown
b11D4,pTF1.b1C8.bc2.D,b1C8.bc2.D,unknown
b11D5,pTF1.b1D2.bc2.A,b1D2.bc2.A,unknown
b11D6,pTF1.b1D2.bc2.B,b1D2.bc2.B,unknown
b11D7,pTF1.b1D2.bc2.C,b1D2.bc2.C,unknown
b11D8,pTF1.b1D2.bc2.D,b1D2.bc2.D,unknown
b11D9,pTF1.b1D3.bc2.A,b1D3.bc2.A,unknown
b11E1,pTF1.b1D3.bc2.B,b1D3.bc2.B,unknown
b11E2,pTF1.b1D3.bc2.C,b1D3.bc2.C,unknown
b11E3,pTF1.b1D3.bc2.D,b1D3.bc2.D,unknown
b11E4,pTF1.b1E2.bc2.A,b1E2.bc2.A,unknown
b11E5,pTF1.b1E2.bc2.B,b1E2.bc2.B,unknown
b11E6,pTF1.b1E2.bc2.C,b1E2.bc2.C,unknown
b11E7,pTF1.b1E2.bc2.D,b1E2.bc2.D,unknown
b11E8,pTF3.unbc.b1C2.A,b1C2.unbc.A,yes
b11E9,pTF3.unbc.b1C2.B,b1C2.unbc.B,yes
b11F1,pTF3.unbc.b1C7.A,b1C7.unbc.A,no
b11F2,pTF3.unbc.b1C7.B,b1C7.unbc.B,yes
b11F3,pTF3.unbc.b1C8.A,b1C8.unbc.A,yes
b11F4,pTF3.unbc.b1C8.B,b1C8.unbc.B,yes
b11F5,pTF3.unbc.b1D2.A,b1D2.unbc.A,yes
b11F6,pTF3.unbc.b1D2.B,b1D2.unbc.B,yes
b11F7,pTF3.unbc.b1D3.A,b1D3.unbc.A,yes
b11F8,pTF3.unbc.b1D3.B,b1D3.unbc.B,yes
b11F9,pTF3.unbc.b1E2.A,b1E2.unbc.A,yes
b11G1,pTF3.unbc.b1E2.B,b1E2.unbc.B,yes
b11G2,pTF3.b1A1.bc2.A,b1A1.bc2.A,yes
b11G3,pTF3.b1A1.bc2.B,b1A1.bc2.B,yes
b11G4,pTF3.b1A1.bc2.C,b1A1.bc2.C,yes
b11G5,pTF3.b1A1.bc2.D,b1A1.bc2.D,yes
b11G6,pTF3.b1C7.bc2.A,b1C7.bc2.A,yes
b11G7,pTF3.b1C7.bc2.B,b1C7.bc2.B,no
b11G8,pTF3.b1C7.bc2.C,b1C7.bc2.C,yes
b11G9,pTF3.b1C7.bc2.D,b1C7.bc2.D,yes
b11H1,pTF3.b1C8.bc2.A,b1C8.bc2.A,yes
b11H2,pTF3.b1C8.bc2.B,b1C8.bc2.B,yes
b11H3,pTF3.b1C8.bc2.C,b1C8.bc2.C,yes
b11H4,pTF3.b1C8.bc2.D,b1C8.bc2.D,yes
b11H5,pTF3.b1D2.bc2.A,b1D2.bc2.A,yes
b11H6,pTF3.b1D2.bc2.B,b1D2.bc2.B,yes
b11H7,pTF3.b1D2.bc2.C,b1D2.bc2.C,yes
b11H8,pTF3.b1D2.bc2.D,b1D2.bc2.D,yes
b11H9,pTF3.b1D3.bc2.A,b1D3.bc2.A,yes
b11I1,pTF3.b1D3.bc2.B,b1D3.bc2.B,yes
b11I2,pTF3.b1D3.bc2.C,b1D3.bc2.C,yes
b11I3,pTF3.b1D3.bc2.D,b1D3.bc2.D,yes
b11I4,pTF3.b1E2.bc2.A,b1E2.bc2.A,yes
b11I5,pTF3.b1E2.bc2.B,b1E2.bc2.B,yes
b11I6,pTF3.b1E2.bc2.C,b1E2.bc2.C,yes
b11I7,pTF3.b1E2.bc2.D,b1E2.bc2.D,yes
b11I8,pTF3.b1A1.bc2.E,b1A1.bc2.E,unknown
b11I9,pTF3.b1A1.bc2.F,b1A1.bc2.F,unknown
b12A1,pTF3.b1C7.bc2.E,b1C7.bc2.E,unknown
b12A2,pTF3.b1C7.bc2.F,b1C7.bc2.F,unknown
b12A3,pTF3.b1C8.bc2.E,b1C8.bc2.E,unknown
b12A4,pTF3.b1C8.bc2.F,b1C8.bc2.F,unknown
b12A5,pTF3.b1D2.bc2.E,b1D2.bc2.E,unknown
b12A6,pTF3.b1D2.bc2.F,b1D2.bc2.F,unknown
b12A7,pTF3.b1D3.bc2.E,b1D3.bc2.E,unknown
b12A8,pTF3.b1D3.bc2.F,b1D3.bc2.F,unknown
b12A9,pTF3.b1E2.bc2.E,b1E2.bc2.E,unknown
b12B1,pTF3.b1E2.bc2.F,b1E2.bc2.F,unknown
b12B2,pTF3.b1C2.bc0.A,b1C2.bc0.A,unknown
b12B3,pTF3.b1C2.bc0.B,b1C2.bc0.B,unknown
b12B4,pTF3.b1C2.bc0.C,b1C2.bc0.C,unknown
b12B5,pTF3.b1C2.bc0.D,b1C2.bc0.D,unknown
b12B6,pTF3.b1C2.bc0.E,b1C2.bc0.E,unknown
b12B7,pTF3.b1C7.bc0.A,b1C7.bc0.A,unknown
b12B8,pTF3.b1C7.bc0.B,b1C7.bc0.B,unknown
b12B9,pTF3.b1C7.bc0.C,b1C7.bc0.C,unknown
b12C1,pTF3.b1C7.bc0.D,b1C7.bc0.D,unknown
b12C2,pTF3.b1C7.bc0.E,b1C7.bc0.E,unknown
b12C3,pTF3.b1C8.bc0.A,b1C8.bc0.A,unknown
b12C4,pTF3.b1C8.bc0.B,b1C8.bc0.B,unknown
b12C5,pTF3.b1C8.bc0.C,b1C8.bc0.C,unknown
b12C6,pTF3.b1C8.bc0.D,b1C8.bc0.D,unknown
b12C7,pTF3.b1C8.bc0.E,b1C8.bc0.E,unknown
b12C8,pTF3.b1D2.bc0.A,b1D2.bc0.A,unknown
b12C9,pTF3.b1D2.bc0.B,b1D2.bc0.B,unknown
b12D1,pTF3.b1D2.bc0.C,b1D2.bc0.C,unknown
b12D2,pTF3.b1D2.bc0.D,b1D2.bc0.D,unknown
b12D3,pTF3.b1D2.bc0.E,b1D2.bc0.E,unknown
b12D4,pTF3.b1D3.bc0.A,b1D3.bc0.A,unknown
b12D5,pTF3.b1D3.bc0.B,b1D3.bc0.B,unknown
b12D6,pTF3.b1D3.bc0.C,b1D3.bc0.C,unknown
b12D7,pTF3.b1D3.bc0.D,b1D3.bc0.D,unknown
b12D8,pTF3.b1D3.bc0.E,b1D3.bc0.E,unknown
b12D9,pTF3.b1E2.bc0.A,b1E2.bc0.A,unknown
b12E1,pTF3.b1E2.bc0.B,b1E2.bc0.B,unknown
b12E2,pTF3.b1E2.bc0.C,b1E2.bc0.C,unknown
b12E3,pTF3.b1E2.bc0.D,b1E2.bc0.D,unknown
b12E4,pTF3.b1E2.bc0.E,b1E2.bc0.E,unknown
b12E5,pTF3.b2C7.bc0.A,b2C7.bc0.A,unknown
b12E6,pTF3.b2C7.bc0.B,b2C7.bc0.B,unknown
b12E7,pTF3.b2C7.bc0.C,b2C7.bc0.C,unknown
b12E8,pTF3.b2C7.bc0.D,b2C7.bc0.D,unknown
b12E9,pTF3.b2C7.bc0.E,b2C7.bc0.E,unknown
b12F1,pTF3.b2D1.bc0.A,b2D1.bc0.A,unknown
b12F2,pTF3.b2D1.bc0.B,b2D1.bc0.B,unknown
b12F3,pTF3.b2D1.bc0.C,b2D1.bc0.C,unknown
b12F4,pTF3.b2D1.bc0.D,b2D1.bc0.D,unknown
b12F5,pTF3.b2D1.bc0.E,b2D1.bc0.E,unknown
b12F6,pTF3.b2D6.bc0.A,b2D6.bc0.A,unknown
b12F7,pTF3.b2D6.bc0.B,b2D6.bc0.B,unknown
b12F8,pTF3.b2D6.bc0.C,b2D6.bc0.C,unknown
b12F9,pTF3.b2D6.bc0.D,b2D6.bc0.D,unknown
b12G1,pTF3.b2D6.bc0.E,b2D6.bc0.E,unknown
b12G2,pTF3.b2D7.bc0.A,b2D7.bc0.A,unknown
b12G3,pTF3.b2D7.bc0.B,b2D7.bc0.B,unknown
b12G4,pTF3.b2D7.bc0.C,b2D7.bc0.C,unknown
b12G5,pTF3.b2D7.bc0.D,b2D7.bc0.D,unknown
b12G6,pTF3.b2D7.bc0.E,b2D7.bc0.E,unknown
b12G7,pTF3.b2E6.bc0.A,b2E6.bc0.A,unknown
b12G8,pTF3.b2E6.bc0.B,b2E6.bc0.B,unknown
b12G9,pTF3.b2E6.bc0.C,b2E6.bc0.C,unknown
b12H1,pTF3.b2E6.bc0.D,b2E6.bc0.D,unknown
b12H2,pTF3.b2E6.bc0.E,b2E6.bc0.E,unknown
b12H3,pTF3.b2E8.bc0.A,b2E8.bc0.A,unknown
b12H4,pTF3.b2E8.bc0.B,b2E8.bc0.B,unknown
b12H5,pTF3.b2E8.bc0.C,b2E8.bc0.C,unknown
b12H6,pTF3.b2E8.bc0.D,b2E8.bc0.D,unknown
b12H7,pTF3.b2E8.bc0.E,b2E8.bc0.E,unknown
b12H8,pTF1.c37.r18.A,c37r18.A,yes
b12H9,pTF1.c37.r18.B,c37r18.B,yes
b12I1,pTF1.c40.r18.A,c40r18.A,yes
b12I2,pTF1.c40.r18.B,c40r18.B,yes
b12I3,pTF1.c40.r18.C,c40r18.C,yes
b12I4,pTF1.c42.r18.A,c42r18.A,yes
b12I5,pTF1.c42.r18.B,c42r18.B,yes
b12I6,pTF1.c42.r18.C,c42r18.C,yes
b12I7,pTF1.c43.r18.A,c43r18.A,yes
b12I8,pTF1.c43.r18.B,c43r18.B,yes
b12I9,pTF1.c44.r18.A,c44r18.A,yes
b13A1,pTF1.c61r17.35wt10con.A,r17.35wt10con,yes
b13A2,pTF1.c61r17.35wt10con.B,r17.35wt10con,yes
b13A3,pTF1.c61r17.35wt10extcon.A,r17.35wt10extcon,yes
b13A4,pTF1.c61r17.35wt10extcon.B,r17.35wt10extcon,yes
b13A5,pTF1.c61r17.35con10wt.A,r17.35con10wt,yes
b13A6,pTF1.c61r17.35con10wt.B,r17.35con10wt,yes
b13A7,pTF1.c61r17.35con10con.A,r17.35con10con,yes
b13A8,pTF1.c61r17.35con10con.B,r17.35con10con,yes
b13A9,pTF1.c61r17.35con10extcon.A,r17.35con10extcon,yes
b13B1,pTF1.c61r17.35con10extcon.B,r17.35con10extcon,yes
b13B2,pTF1.c61r17.10extcon.35L01,r17.10extcon35L01,yes
b13B3,pTF1.c61r17.10extcon.35L02,r17.10extcon35L02,yes
b13B4,pTF1.c61r17.10extcon.35L03,r17.10extcon35L03,yes
b13B5,pTF1.c61r17.10extcon.35L04,r17.10extcon35L04,unknown
b13B6,pTF1.c61r17.10extcon.35L05,r17.10extcon35L05,yes
b13B7,pTF1.c61r17.10extcon.35L06,r17.10extcon35L06,yes
b13B8,pTF1.c61r17.10extcon.35L07,r17.10extcon35L07,yes
b13B9,pTF1.c61r17.10extcon.35L08,r17.10extcon35L08,yes
b13C1,pTF1.c61r17.10extcon.35L09,r17.10extcon35L09,yes
b13C2,pTF1.c61r17.10extcon.35L10,r17.10extcon35L10,yes
b13C3,pTF1.c61r17.10extcon.35L11,r17.10extcon35L11,no
b13C4,pTF1.c61r17.10extcon.35L12,r17.10extcon35L12,unknown
b13C5,pTF1.c61r17.35wt10L01,r17.35wt10L01,yes
b13C6,pTF1.c61r17.35wt10L02,r17.35wt10L02,yes
b13C7,pTF1.c61r17.35wt10L03,r17.35wt10L03,no
b13C8,pTF1.c61r17.35wt10L04,r17.35wt10L04,yes
b13C9,pTF1.c61r17.35wt10L05,r17.35wt10L05,yes
b13D1,pTF1.c61r17.35wt10L06,r17.35wt10L06,yes
b13D2,pTF1.c61r17.35wt10L07,r17.35wt10L07,yes
b13D3,pTF1.c61r17.35wt10L08,r17.35wt10L08,no
b13D4,pTF1.c61r17.35wt10L09,r17.35wt10L09,yes
b13D5,pTF1.c61r17.35wt10L10,r17.35wt10L10,yes
b13D6,pTF1.c61r17.35wt10L11,r17.35wt10L11,yes
b13D7,pTF1.c61r17.35con10L01,r17.35con10L01,yes
b13D8,pTF1.c61r17.35con10L02,r17.35con10L02,unknown
b13D9,pTF1.c61r17.35con10L03,r17.35con10L03,yes
b13E1,pTF1.c61r17.35con10L04,r17.35con10L04,yes
b13E2,pTF1.c61r17.35con10L05,r17.35con10L05,yes
b13E3,pTF1.c61r17.35con10L06,r17.35con10L06,yes
b13E4,pTF1.c61r17.35con10L07,r17.35con10L07,unknown
b13E5,pTF1.c61r17.35con10L08,r17.35con10L08,yes
b13E6,pTF1.c61r17.35con10L09,r17.35con10L09,no
b13E7,pTF1.c61r17.35con10L10,r17.35con10L10,yes
b13E8,pTF1.c61r17.35con10L11,r17.35con10L11,yes
b13E9,pTF1.c61r17.10wt35L01,r17.10wt35L01,yes
b13F1,pTF1.c61r17.10wt35L02,r17.10wt35L02,yes
b13F2,pTF1.c61r17.10wt35L03,r17.10wt35L03,yes
b13F3,pTF1.c61r17.10wt35L04,r17.10wt35L04,yes
b13F4,pTF1.c61r17.10wt35L05,r17.10wt35L05,yes
b13F5,pTF1.c61r17.10wt35L06,r17.10wt35L06,unknown
b13F6,pTF1.c61r17.10wt35L07,r17.10wt35L07,yes
b13F7,pTF1.c61r17.10wt35L08,r17.10wt35L08,yes
b13F8,pTF1.c61r17.10wt35L09,r17.10wt35L09,unknown
b13F9,pTF1.c61r17.10wt35L10,r17.10wt35L10,unknown
b13G1,pTF1.c61r17.10wt35L11,r17.10wt35L11,unknown
b13G2,pTF1.c61r17.10con35L01,r17.10con35L01,unknown
b13G3,pTF1.c61r17.10con35L02,r17.10con35L02,unknown
b13G4,pTF1.c61r17.10con35L03,r17.10con35L03,yes
b13G5,pTF1.c61r17.10con35L04,r17.10con35L04,yes
b13G6,pTF1.c61r17.10con35L05,r17.10con35L05,unknown
b13G7,pTF1.c61r17.10con35L06,r17.10con35L06,no
b13G8,pTF1.c61r17.10con35L07,r17.10con35L07,yes
b13G9,pTF1.c61r17.10con35L08,r17.10con35L08,yes
b13H1,pTF1.c61r17.10con35L09,r17.10con35L09,yes
b13H2,pTF1.c61r17.10con35L10,r17.10con35L10,yes
b13H3,pTF1.c61r17.10con35L11,r17.10con35L11,yes
b13H4,pTF1.c82r18.10L01,c82.10L01,unknown
b13H5,pTF1.c82r18.10L02,c82.10L02,unknown
b13H6,pTF1.c82r18.10L03,c82.10L03,unknown
b13H7,pTF1.c82r18.10L04,c82.10L04,unknown
b13H8,pTF1.c82r18.10L05,c82.10L05,unknown
b13H9,pTF1.c82r18.10L06,c82.10L06,unknown
b13I1,pTF1.c82r18.10L07,c82.10L07,unknown
b13I2,pTF1.c82r18.10L08,c82.10L08,no
b13I3,pTF1.c82r18.10L09,c82.10L09,unknown
b13I4,pTF1.c82r18.10L10,c82.10L10,unknown
b13I5,pTF1.c82r18.10L11,c82.10L11,unknown
b13I6,pTF1.c82r18.10L12,c82.10L12,unknown
b13I7,pTF1.c82r18.10L13,c82.10L13,unknown
b13I8,pTF1.c82r18.10L14,c82.10L14,unknown
b13I9,pTF1.c82r18.10L15,c82.10L15,unknown
b14A1,pTF1.c82r18.10L16,c82.10L16,yes
b14A2,pTF1.c82r18.10L17,c82.10L17,unknown
b14A3,pTF1.c82r18.10L18,c82.10L18,unknown
b14A4,pTF1.c82r18.10L19,c82.10L19,unknown
b14A5,pTF1.c82r18.10L20,c82.10L20,yes
b14A6,pTF1.c82r18.10L21,c82.10L21,unknown
b14A7,pTF1.c82r18.10L22,c82.10L22,unknown
b14A8,pTF1.c72r18.10L01,c72.10L01,unknown
b14A9,pTF1.c72r18.10L02,c72.10L02,unknown
b14B1,pTF1.c72r18.10L03,c72.10L03,yes
b14B2,pTF1.c72r18.10L04,c72.10L04,unknown
b14B3,pTF1.c72r18.10L05,c72.10L05,unknown
b14B4,pTF1.c72r18.10L06,c72.10L06,unknown
b14B5,pTF1.c72r18.10L07,c72.10L07,unknown
b14B6,pTF1.c72r18.10L08,c72.10L08,yes
b14B7,pTF1.c72r18.10L09,c72.10L09,unknown
b14B8,pTF1.c72r18.10L10,c72.10L10,unknown
b14B9,pTF1.c72r18.10L11,c72.10L11,yes
b14C1,pTF1.c72r18.10L12,c72.10L12,yes
b14C2,pTF1.c72r18.10L13,c72.10L13,yes
b14C3,pTF1.c72r18.10L14,c72.10L14,unknown
b14C4,pTF1.c72r18.10L15,c72.10L15,unknown
b14C5,pTF1.c72r18.10L16,c72.10L16,unknown
b14C6,pTF1.c72r18.10L17,c72.10L17,unknown
b14C7,pTF1.c72r18.10L18,c72.10L18,yes
b14C8,pTF1.c72r18.10L19,c72.10L19,yes
b14C9,pTF1.c72r18.10L20,c72.10L20,unknown
b14D1,pTF1.c72r18.10L21,c72.10L21,no
b14D2,pTF1.c72r18.10L22,c72.10L22,unknown
b14D3,pTF1.c41.lac.1,c41.lac1,unknown
b14D4,pTF1.c41.lac.2,c41.lac2,unknown
b14D5,pTF1.c41.lac.3,c41.lac3,unknown
b14D6,pTF1.c41.gal.1,c41.gal1,unknown
b14D7,pTF1.c41.gal.2,c41.gal2,unknown
b14D8,pTF1.c41.gal.3,c41.gal3,unknown
b14D9,pTF1.c41.mel.1,c41.mel1,unknown
b14E1,pTF1.c41.mel.2,c41.mel2,unknown
b14E2,pTF1.c41.mel.3,c41.mel3,unknown
b14E3,pTF1.c40.r18.10L01,c40.10L01,unknown
b14E4,pTF1.c40.r18.10L02,c40.10L02,unknown
b14E5,pTF1.c40.r18.10L03,c40.10L03,unknown
b14E6,pTF1.c40.r18.10L04,c40.10L04,unknown
b14E7,pTF1.c40.r18.10L05,c40.10L05,unknown
b14E8,pTF1.c40.r18.10L06,c40.10L06,yes
b14E9,pTF1.c40.r18.10L07,c40.10L07,unknown
b14F1,pTF1.c40.r18.10L08,c40.10L08,yes
b14F2,pTF1.c40.r18.10L09,c40.10L09,unknown
b14F3,pTF1.c40.r18.10L10,c40.10L10,unknown
b14F4,pTF1.c40.r18.10L11,c40.10L11,unknown
b14F5,pTF1.c41.r18.10L01,c41.10L01,unknown
b14F6,pTF1.c41.r18.10L02,c41.10L02,unknown
b14F7,pTF1.c41.r18.10L03,c41.10L03,unknown
b14F8,pTF1.c41.r18.10L04,c41.10L04,unknown
b14F9,pTF1.c41.r18.10L05,c41.10L05,unknown
b14G1,pTF1.c41.r18.10L06,c41.10L06,unknown
b14G2,pTF1.c41.r18.10L07,c41.10L07,unknown
b14G3,pTF1.c41.r18.10L08,c41.10L08,unknown
b14G4,pTF1.c41.r18.10L09,c41.10L09,unknown
b14G5,pTF1.c41.r18.10L10,c41.10L10,unknown
b14G6,pTF1.c41.r18.10L11,c41.10L11,unknown
b14G7,pTF1.c40.r18.10L12,c40.10L12,unknown
b14G8,pTF1.c40.r18.10L13,c40.10L13,yes
b14G9,pTF1.c40.r18.10L14,c40.10L14,unknown
b14H1,pTF1.c40.r18.10L15,c40.10L15,unknown
b14H2,pTF1.c40.r18.10L16,c40.10L16,unknown
b14H3,pTF1.c40.r18.10L17,c40.10L17,unknown
b14H4,pTF1.c40.r18.10L18,c40.10L18,unknown
b14H5,pTF1.c40.r18.10L19,c40.10L19,yes
b14H6,pTF1.c40.r18.10L20,c40.10L20,yes
b14H7,pTF1.c40.r18.10L21,c40.10L21,unknown
b14H8,pTF1.c40.r18.10L22,c40.10L22,unknown
b14H9,pTF1.c41.r18.10L12,c41.10L12,unknown
b14I1,pTF1.c41.r18.10L13,c41.10L13,unknown
b14I2,pTF1.c41.r18.10L14,c41.10L14,unknown
b14I3,pTF1.c41.r18.10L15,c41.10L15,unknown
b14I4,pTF1.c41.r18.10L16,c41.10L16,unknown
b14I5,pTF1.c41.r18.10L17,c41.10L17,unknown
b14I6,pTF1.c41.r18.10L18,c41.10L18,unknown
b14I7,pTF1.c41.r18.10L19,c41.10L19,unknown
b14I8,pTF1.c41.r18.10L20,c41.10L20,unknown
b14I9,pTF1.c41.r18.10L21,c41.10L21,unknown
b15A1,pTF1.c41.r18.10L22,c41.10L22,unknown
b15A2,pTF1.c41.gal.10L01,gal.10L01,unknown
b15A3,pTF1.c41.gal.10L02,gal.10L02,unknown
b15A4,pTF1.c41.gal.10L03,gal.10L03,unknown
b15A5,pTF1.c41.gal.10L04,gal.10L04,unknown
b15A6,pTF1.c41.gal.10L05,gal.10L05,unknown
b15A7,pTF1.c41.gal.10L06,gal.10L06,unknown
b15A8,pTF1.c41.gal.10L07,gal.10L07,unknown
b15A9,pTF1.c41.gal.10L08,gal.10L08,unknown
b15B1,pTF1.c41.gal.10L09,gal.10L09,unknown
b15B2,pTF1.c41.gal.10L10,gal.10L10,unknown
b15B3,pTF1.c41.gal.10L11,gal.10L11,unknown
b15B4,pTF1.c41.gal.10L12,gal.10L12,unknown
b15B5,pTF1.c41.gal.10L13,gal.10L13,unknown
b15B6,pTF1.c41.gal.10L14,gal.10L14,unknown
b15B7,pTF1.c41.gal.10L15,gal.10L15,unknown
b15B8,pTF1.c41.gal.10L16,gal.10L16,unknown
b15B9,pTF1.c41.gal.10L17,gal.10L17,unknown
b15C1,pTF1.c41.gal.10L18,gal.10L18,unknown
b15C2,pTF1.c41.gal.10L19,gal.10L19,unknown
b15C3,pTF1.c41.gal.10L20,gal.10L20,unknown
b15C4,pTF1.c41.gal.10L21,gal.10L21,unknown
b15C5,pTF1.c41.gal.10L22,gal.10L22,unknown
b15C6,pTF1.c40.r18.10L23,c40.10L23,unknown
b15C7,pTF1.c40.r18.10L24,c40.10L24,unknown
b15C8,pTF1.c40.r18.10L25,c40.10L25,unknown
b15C9,pTF1.c40.r18.10L26,c40.10L26,unknown
b15D1,pTF1.c40.r18.10L27,c40.10L27,unknown
b15D2,pTF1.c40.r18.10L28,c40.10L28,unknown
b15D3,pTF1.c40.r18.10L29,c40.10L29,unknown
b15D4,pTF1.c40.r18.10L30,c40.10L30,unknown
b15D5,pTF1.c40.r18.10L31,c40.10L31,unknown
b15D6,pTF1.c40.r18.10L32,c40.10L32,unknown
b15D7,pTF1.c40.r18.10L33,c40.10L33,unknown
b15D8,pTF1.c41.r18.10L23,c41.10L23,unknown
b15D9,pTF1.c41.r18.10L24,c41.10L24,unknown
b15E1,pTF1.c41.r18.10L25,c41.10L25,unknown
b15E2,pTF1.c41.r18.10L26,c41.10L26,unknown
b15E3,pTF1.c41.r18.10L27,c41.10L27,unknown
b15E4,pTF1.c41.r18.10L28,c41.10L28,unknown
b15E5,pTF1.c41.r18.10L29,c41.10L29,unknown
b15E6,pTF1.c41.r18.10L30,c41.10L30,unknown
b15E7,pTF1.c41.r18.10L31,c41.10L31,unknown
b15E8,pTF1.c41.r18.10L32,c41.10L32,unknown
b15E9,pTF1.c41.r18.10L33,c41.10L33,unknown
b15F1,pTF1.c61gal.wt,c61gal.wt,unknown
b15F2,pTF1.c61gal.10L01,c61gal.10L01,unknown
b15F3,pTF1.c61gal.10L02,c61gal.10L02,unknown
b15F4,pTF1.c61gal.10L03,c61gal.10L03,unknown
b15F5,pTF1.c61gal.10L04,c61gal.10L04,unknown
b15F6,pTF1.c61gal.10L05,c61gal.10L05,unknown
b15F7,pTF1.c61gal.10L06,c61gal.10L06,unknown
b15F8,pTF1.c61gal.10L07,c61gal.10L07,unknown
b15F9,pTF1.c61gal.10L08,c61gal.10L08,unknown
b15G1,pTF1.c61gal.10L09,c61gal.10L09,unknown
b15G2,pTF1.c61gal.10L10,c61gal.10L10,unknown
b15G3,pTF1.c61gal.10L11,c61gal.10L11,unknown
b15G4,pTF1.c61gal.10L12,c61gal.10L12,unknown
b15G5,pTF1.c61gal.10L13,c61gal.10L13,unknown
b15G6,pTF1.c61gal.10L14,c61gal.10L14,unknown
b15G7,pTF1.c61gal.10L15,c61gal.10L15,unknown
b15G8,pTF1.c61gal.10L16,c61gal.10L16,unknown
b15G9,pTF1.c61gal.10L17,c61gal.10L17,unknown
b15H1,pTF1.c61gal.10L18,c61gal.10L18,unknown
b15H2,pTF1.c61gal.10L19,c61gal.10L19,unknown
b15H3,pTF1.c61gal.10L20,c61gal.10L20,unknown
b15H4,pTF1.c61gal.10L21,c61gal.10L21,unknown
b15H5,pTF1.c71gal.A,c71gal.wtA,unknown
b15H6,pTF1.c71gal.B,c71gal.wtB,unknown
b15H7,pTF1.c71gal.10L01,c71gal.10L01,unknown
b15H8,pTF1.c71gal.10L02,c71gal.10L02,unknown
b15H9,pTF1.c71gal.10L03,c71gal.10L03,unknown
b15I1,pTF1.c71gal.10L04,c71gal.10L04,unknown
b15I2,pTF1.c71gal.10L05,c71gal.10L05,unknown
b15I3,pTF1.c71gal.10L06,c71gal.10L06,unknown
b15I4,pTF1.c71gal.10L07,c71gal.10L07,unknown
b15I5,pTF1.c71gal.10L08,c71gal.10L08,unknown
b15I6,pTF1.c71gal.10L09,c71gal.10L09,unknown
b15I7,pTF1.c71gal.10L10,c71gal.10L10,unknown
b15I8,pTF1.c71gal.10L11,c71gal.10L11,unknown
b15I9,pTF1.c71gal.10L12,c71gal.10L12,unknown
b16A1,pTF1.c71gal.10L13,c71gal.10L13,unknown
b16A2,pTF1.c71gal.10L14,c71gal.10L14,unknown
b16A3,pTF1.c71gal.10L15,c71gal.10L15,unknown
b16A4,pTF1.c71gal.10L16,c71gal.10L16,unknown
b16A5,pTF1.c71gal.10L17,c71gal.10L17,unknown
b16A6,pTF1.c71gal.10L18,c71gal.10L18,unknown
b16A7,pTF1.c71gal.10L19,c71gal.10L19,unknown
b16A8,pTF1.c71gal.10L20,c71gal.10L20,unknown
b16A9,pTF1.c82gal.A,c82gal.wtA,unknown
b16B1,pTF1.c82gal.B,c82gal.wtB,unknown
b16B2,pTF1.c82gal.10L01,c82gal.10L01,unknown
b16B3,pTF1.c82gal.10L02,c82gal.10L02,unknown
b16B4,pTF1.c82gal.10L03,c82gal.10L03,unknown
b16B5,pTF1.c82gal.10L04,c82gal.10L04,unknown
b16B6,pTF1.c82gal.10L05,c82gal.10L05,unknown
b16B7,pTF1.c82gal.10L06,c82gal.10L06,unknown
b16B8,pTF1.c82gal.10L07,c82gal.10L07,unknown
b16B9,pTF1.c82gal.10L08,c82gal.10L08,unknown
b16C1,pTF1.c82gal.10L09,c82gal.10L09,unknown
b16C2,pTF1.c82gal.10L10,c82gal.10L10,unknown
b16C3,pTF1.c82gal.10L11,c82gal.10L11,unknown
b16C4,pTF1.c82gal.10L12,c82gal.10L12,unknown
b16C5,pTF1.c82gal.10L13,c82gal.10L13,unknown
b16C6,pTF1.c82gal.10L14,c82gal.10L14,unknown
b16C7,pTF1.c82gal.10L15,c82gal.10L15,unknown
b16C8,pTF1.c82gal.10L16,c82gal.10L16,unknown
b16C9,pTF1.c82gal.10L17,c82gal.10L17,unknown
b16D1,pTF1.c82gal.10L18,c82gal.10L18,unknown
b16D2,pTF1.c82gal.10L19,c82gal.10L19,unknown
b16D3,pTF1.c82gal.10L20,c82gal.10L20,unknown
b16D4,pTF1.c60gal.A,c60gal.wtA,unknown
b16D5,pTF1.c60gal.B,c60gal.wtB,unknown
b16D6,pTF1.c60gal.10L01,c60gal.10L01,unknown
b16D7,pTF1.c60gal.10L02,c60gal.10L02,unknown
b16D8,pTF1.c60gal.10L03,c60gal.10L03,unknown
b16D9,pTF1.c60gal.10L04,c60gal.10L04,unknown
b16E1,pTF1.c60gal.10L05,c60gal.10L05,unknown
b16E2,pTF1.c60gal.10L06,c60gal.10L06,unknown
b16E3,pTF1.c60gal.10L07,c60gal.10L07,unknown
b16E4,pTF1.c60gal.10L08,c60gal.10L08,unknown
b16E5,pTF1.c60gal.10L09,c60gal.10L09,unknown
b16E6,pTF1.c60gal.10L10,c60gal.10L10,unknown
b16E7,pTF1.c60gal.10L11,c60gal.10L11,unknown
b16E8,pTF1.c60gal.10L12,c60gal.10L12,unknown
b16E9,pTF1.c60gal.10L13,c60gal.10L13,unknown
b16F1,pTF1.c60gal.10L14,c60gal.10L14,unknown
b16F2,pTF1.c60gal.10L15,c60gal.10L15,unknown
b16F3,pTF1.c60gal.10L16,c60gal.10L16,unknown
b16F4,pTF1.c60gal.10L17,c60gal.10L17,unknown
b16F5,pTF1.c60gal.10L18,c60gal.10L18,unknown
b16F6,pTF1.c60gal.10L19,c60gal.10L19,unknown
b16F7,pTF1.c60gal.10L20,c60gal.10L20,unknown
b16F8,pTF1.Ellinger.r17wt.A,Ellinger.r17.A,unknown
b16F9,pTF1.Ellinger.r17wt.B,Ellinger.r17.B,unknown
b16G1,pTF1.Ellinger.r17.10L01,Ellinger.r17.10L01,unknown
b16G2,pTF1.Ellinger.r17.10L02,Ellinger.r17.10L02,unknown
b16G3,pTF1.Ellinger.r17.10L03,Ellinger.r17.10L03,unknown
b16G4,pTF1.Ellinger.r17.10L04,Ellinger.r17.10L04,unknown
b16G5,pTF1.Ellinger.r17.10L05,Ellinger.r17.10L05,unknown
b16G6,pTF1.Ellinger.r17.10L06,Ellinger.r17.10L06,unknown
b16G7,pTF1.Ellinger.r17.10L07,Ellinger.r17.10L07,unknown
b16G8,pTF1.Ellinger.r17.10L08,Ellinger.r17.10L08,unknown
b16G9,pTF1.Ellinger.r17.10L09,Ellinger.r17.10L09,unknown
b16H1,pTF1.Ellinger.r17.10L10,Ellinger.r17.10L10,unknown
b16H2,pTF1.Ellinger.r17.10L11,Ellinger.r17.10L11,unknown
b16H3,pTF1.Ellinger.r17.10L12,Ellinger.r17.10L12,unknown
b16H4,pTF1.Ellinger.r17.10L13,Ellinger.r17.10L13,unknown
b16H5,pTF1.Ellinger.r17.10L14,Ellinger.r17.10L14,unknown
b16H6,pTF1.Ellinger.r17.10L15,Ellinger.r17.10L15,unknown
b16H7,pTF1.Ellinger.r17.10L16,Ellinger.r17.10L16,unknown
b16H8,pTF1.Ellinger.r18wt.A,Ellinger.r18.A,unknown
b16H9,pTF1.Ellinger.r18wt.B,Ellinger.r18.B,unknown
b16I1,pTF1.Ellinger.r18.10L01,Ellinger.r18.10L01,unknown
b16I2,pTF1.Ellinger.r18.10L02,Ellinger.r18.10L02,unknown
b16I3,pTF1.Ellinger.r18.10L03,Ellinger.r18.10L03,unknown
b16I4,pTF1.Ellinger.r18.10L04,Ellinger.r18.10L04,unknown
b16I5,pTF1.Ellinger.r18.10L05,Ellinger.r18.10L05,unknown
b16I6,pTF1.Ellinger.r18.10L06,Ellinger.r18.10L06,unknown
b16I7,pTF1.Ellinger.r18.10L07,Ellinger.r18.10L07,unknown
b16I8,pTF1.Ellinger.r18.10L08,Ellinger.r18.10L08,unknown
b16I9,pTF1.Ellinger.r18.10L09,Ellinger.r18.10L09,unknown
b17A1,pTF1.Ellinger.r18.10L10,Ellinger.r18.10L10,unknown
b17A2,pTF1.Ellinger.r18.10L11,Ellinger.r18.10L11,unknown
b17A3,pTF1.Ellinger.r18.10L12,Ellinger.r18.10L12,unknown
b17A4,pTF1.Ellinger.r18.10L13,Ellinger.r18.10L13,unknown
b17A5,pTF1.Ellinger.r18.10L14,Ellinger.r18.10L14,unknown
b17A6,pTF1.Ellinger.r18.10L15,Ellinger.r18.10L15,unknown
b17A7,pTF1.Ellinger.r18.10L16,Ellinger.r18.10L16,unknown
b17A8,pTF1.Adhya.wt.A,Adhya.wt.A,unknown
b17A9,pTF1.Adhya.wt.B,Adhya.wt.B,unknown
b17B1,pTF1.Adhya.10cons.A,Adhya.10c.A,unknown
b17B2,pTF1.Adhya.10cons.B,Adhya.10c.B,unknown
b17B3,pTF1.Adhya.35cons.A,Adhya.35c.A,unknown
b17B4,pTF1.Adhya.35cons.B,Adhya.35c.B,unknown
b17B5,pTF1.Adhya.10c35c.A,Adhya.10c35c.A,unknown
b17B6,pTF1.Adhya.10c35c.B,Adhya.10c35c.B,unknown
b17B7,pTF1.c51r18.A,c51r18.A,unknown
b17B8,pTF1.c51r18.B,c51r18.B,unknown
b17B9,pTF1.c52r18.A,c52r18.A,unknown
b17C1,pTF1.c52r18.B,c52r18.B,unknown
b17C2,pTF1.c53r18.A,c53r18.A,unknown
b17C3,pTF1.c53r18.B,c53r18.B,unknown
b17C4,pTF1.c54r18.A,c54r18.A,unknown
b17C5,pTF1.c54r18.B,c54r18.B,unknown
b17C6,pTF1.c55r18.A,c55r18.A,unknown
b17C7,pTF1.c55r18.B,c55r18.B,unknown
b17C8,pTF1.c56r18.A,c56r18.A,unknown
b17C9,pTF1.c56r18.B,c56r18.B,unknown
b17D1,pTF1.c57r18.A,c57r18.A,unknown
b17D2,pTF1.c57r18.B,c57r18.B,unknown
b17D3,pTF1.c58r18.A,c58r18.A,unknown
b17D4,pTF1.c58r18.B,c58r18.B,unknown
b17D5,pTF1.c59r18.A,c59r18.A,unknown
b17D6,pTF1.c59r18.B,c59r18.B,unknown
b17D7,pTF1.c63r18.A,c63r18.A,unknown
b17D8,pTF1.c63r18.B,c63r18.B,unknown
b17D9,pTF1.63c-r18.A,63c-r18.A,unknown
b17E1,pTF1.63c-r18.B,63c-r18.B,unknown
b17E2,pTF1.c64r18.A,c64r18.A,unknown
b17E3,pTF1.c64r18.B,c64r18.B,unknown
b17E4,pTF1.64c-r18.A,64c-r18.A,unknown
b17E5,pTF1.64c-r18.B,64c-r18.B,unknown
b17E6,pTF1.c65r18.A,c65r18.A,unknown
b17E7,pTF1.c65r18.B,c65r18.B,unknown
b17E8,pTF1.65c-r18.A,65c-r18.A,unknown
b17E9,pTF1.65c-r18.B,65c-r18.B,unknown
b17F1,pTF1.c87r18.A,c87r18.A,unknown
b17F2,pTF1.c92r18.A,c92r18.A,unknown
b17F3,pTF1.c92r18.B,c92r18.B,unknown
b17F4,pTF1.c97r18.A,c97r18.A,unknown
b17F5,pTF1.c97r18.B,c97r18.B,unknown
b17F6,pTF1.c102r18.A,c102r18.A,unknown
b17F7,pTF1.c102r18.B,c102r18.B,unknown
b17F8,pTF1.c103r18.A,c103r18.A,unknown
b17F9,pTF1.c103r18.B,c103r18.B,unknown
b17G1,pTF1.c104r18.A,c104r18.A,unknown
b17G2,pTF1.Ellinger.mod.r18wt.A,Ellinger.mod.r18.A,unknown
b17G3,pTF1.Ellinger.mod.r18wt.B,Ellinger.mod.r18.B,unknown
b17G4,,,
b17G5,,,
b17G6,,,
b17G7,,,
b17G8,,,
b17G9,,,
b17H1,,,
b17H2,,,
b17H3,,,
b17H4,,,
b17H5,,,
b17H6,,,
b17H7,,,
b17H8,,,
b17H9,,,
b17I1,,,
b17I2,,,
b17I3,,,
b17I4,,,
b17I5,,,
b17I6,,,
b17I7,,,
b17I8,,,
b17I9,,,